id,Distritos,municipio_id,nombre
1,Ahuachapán,2,Ahuachapán Centro
2,Apaneca,2,Ahuachapán Centro
3,Concepción de Ataco,2,Ahuachapán Centro
4,Tacuba,2,Ahuachapán Centro
5,Atiquizaya,1,Ahuachapán Norte
6,El Refugio,1,Ahuachapán Norte
7,San Lorenzo,1,Ahuachapán Norte
8,Turín,1,Ahuachapán Norte
9,Guaymango,3,Ahuachapán Sur
10,Jujutla,3,Ahuachapán Sur
11,San Francisco Menéndez,3,Ahuachapán Sur
12,San Pedro Puxtla,3,Ahuachapán Sur
13,Santa Ana,5,Santa Ana Centro
14,Coatepeque,6,Santa Ana Este
15,El Congo,6,Santa Ana Este
16,Masahuat,4,Santa Ana Norte
17,Metapán,4,Santa Ana Norte
18,Santa Rosa Guachipilín,4,Santa Ana Norte
19,Texistepeque,4,Santa Ana Norte
20,Candelaria de la Frontera,7,Santa Ana Oeste
21,Chalchuapa,7,Santa Ana Oeste
22,El Porvenir,7,Santa Ana Oeste
23,San Antonio Pajonal,7,Santa Ana Oeste
24,San Sebastián Salitrillo,7,Santa Ana Oeste
25,Santiago de la Frontera,7,Santa Ana Oeste
26,Nahulingo,9,Sonsonate Centro
27,San Antonio del Monte,9,Sonsonate Centro
28,Santo Domingo de Guzmán,9,Sonsonate Centro
29,Sonsonate,9,Sonsonate Centro
30,Sonzacate,9,Sonsonate Centro
31,Armenia,10,Sonsonate Este
32,Caluco,10,Sonsonate Este
33,Cuisnahuat,10,Sonsonate Este
34,Santa Isabel Ishuatán,10,Sonsonate Este
35,Izalco,10,Sonsonate Este
36,San Julián,10,Sonsonate Este
37,Juayúa,8,Sonsonate Norte
38,Nahuizalco,8,Sonsonate Norte
39,Salcoatitán,8,Sonsonate Norte
40,Santa Catarina Masahuat,8,Sonsonate Norte
41,Acajutla,11,Sonsonate Oeste
42,Agua Caliente,13,Chalatenango Centro
43,Dulce Nombre de María,13,Chalatenango Centro
44,El Paraíso,13,Chalatenango Centro
45,La Reina,13,Chalatenango Centro
46,Nueva Concepción,13,Chalatenango Centro
47,San Fernando,13,Chalatenango Centro
48,San Francisco Morazán,13,Chalatenango Centro
49,San Rafael,13,Chalatenango Centro
50,Santa Rita,13,Chalatenango Centro
51,Tejutla,13,Chalatenango Centro
52,Citalá,12,Chalatenango Norte
53,San Ignacio,12,Chalatenango Norte
54,La Palma,12,Chalatenango Norte
55,Arcatao,14,Chalatenango Sur
56,Azacualpa,14,Chalatenango Sur
57,Comalapa,14,Chalatenango Sur
58,Concepción Quezaltepeque,14,Chalatenango Sur
59,Chalatenango,14,Chalatenango Sur
60,El Carrizal,14,Chalatenango Sur
61,La Laguna,14,Chalatenango Sur
62,Las Vueltas,14,Chalatenango Sur
63,Nombre de Jesús,14,Chalatenango Sur
64,Nueva Trinidad,14,Chalatenango Sur
65,Ojos de Agua,14,Chalatenango Sur
66,Potonico,14,Chalatenango Sur
67,San Antonio de la Cruz,14,Chalatenango Sur
68,San Antonio Los Ranchos,14,Chalatenango Sur
69,San Isidro Labrador,14,Chalatenango Sur
70,San Francisco Lempa,14,Chalatenango Sur
71,San José Cancasque / Cancasque,14,Chalatenango Sur
72,San José Las Flores / Las Flores,14,Chalatenango Sur
73,San Luis del Carmen,14,Chalatenango Sur
74,San Miguel de Mercedes,14,Chalatenango Sur
75,Ciudad Arce,16,La Libertad Centro
76,San Juan Opico,16,La Libertad Centro
77,Chiltiupán,19,La Libertad Costa
78,Jicalapa,19,La Libertad Costa
79,La Libertad,19,La Libertad Costa
80,Tamanique,19,La Libertad Costa
81,Teotepeque,19,La Libertad Costa
82,Antiguo Cuscatlán,18,La Libertad Este
83,Huizúcar,18,La Libertad Este
84,Nuevo Cuscatlán,18,La Libertad Este
85,San José Villanueva,18,La Libertad Este
86,Zaragoza,18,La Libertad Este
87,Quezaltepeque,15,La Libertad Norte
88,San Matías,15,La Libertad Norte
89,San Pablo Tacachico,15,La Libertad Norte
90,Colón,17,La Libertad Oeste
91,Jayaque,17,La Libertad Oeste
92,Sacacoyo,17,La Libertad Oeste
93,Talnique,17,La Libertad Oeste
94,Tepecoyo,17,La Libertad Oeste
95,Comasagua,20,La Libertad Sur
96,Santa Tecla antes: Nueva San Salvador,20,La Libertad Sur
97,Ayutuxtepeque,24,San Salvador Centro
98,Cuscatancingo,24,San Salvador Centro
99,Mejicanos,24,San Salvador Centro
100,San Salvador,24,San Salvador Centro
101,Delgado,24,San Salvador Centro
102,Ilopango,23,San Salvador Este
103,San Martín,23,San Salvador Este
104,Soyapango,23,San Salvador Este
105,Tonacatepeque,23,San Salvador Este
106,Aguilares,21,San Salvador Norte
107,El Paisnal,21,San Salvador Norte
108,Guazapa,21,San Salvador Norte
109,Apopa,22,San Salvador Oeste
110,Nejapa,22,San Salvador Oeste
111,Panchimalco,25,San Salvador Sur
112,Rosario de Mora,25,San Salvador Sur
113,San Marcos,25,San Salvador Sur
114,Santiago Texacuangos,25,San Salvador Sur
115,Santo Tomás,25,San Salvador Sur
116,Oratorio de Concepción,26,Cuscatlán Norte
117,San Bartolomé Perulapía,26,Cuscatlán Norte
118,San José Guayabal,26,Cuscatlán Norte
119,San Pedro Perulapán,26,Cuscatlán Norte
120,Suchitoto,26,Cuscatlán Norte
121,Candelaria,27,Cuscatlán Sur
122,Cojutepeque,27,Cuscatlán Sur
123,El Carmen,27,Cuscatlán Sur
124,El Rosario,27,Cuscatlán Sur
125,Monte San Juan,27,Cuscatlán Sur
126,San Cristóbal,27,Cuscatlán Sur
127,San Rafael Cedros,27,Cuscatlán Sur
128,San Ramón,27,Cuscatlán Sur
129,Santa Cruz Analquito,27,Cuscatlán Sur
130,Santa Cruz Michapa,27,Cuscatlán Sur
131,Tenancingo,27,Cuscatlán Sur
132,El Rosario / Rosario de La Paz,29,La Paz Centro
133,Jerusalén,29,La Paz Centro
134,Mercedes La Ceiba,29,La Paz Centro
135,Paraíso de Osorio,29,La Paz Centro
136,San Antonio Masahuat,29,La Paz Centro
137,San Emigdio,29,La Paz Centro
138,San Juan Tepezontes,29,La Paz Centro
139,San Miguel Tepezontes,29,La Paz Centro
140,San Pedro Nonualco,29,La Paz Centro
141,Santa María Ostuma,29,La Paz Centro
142,Santiago Nonualco,29,La Paz Centro
143,San Luis La Herradura,29,La Paz Centro
144,San Juan Nonualco,30,La Paz Este
145,San Rafael Obrajuelo,30,La Paz Este
146,Zacatecoluca,30,La Paz Este
147,Cuyultitán,28,La Paz Oeste
148,Olocuilta,28,La Paz Oeste
149,San Francisco Chinameca,28,La Paz Oeste
150,San Juan Talpa,28,La Paz Oeste
151,San Luis Talpa,28,La Paz Oeste
152,San Pedro Masahuat,28,La Paz Oeste
153,Tapalhuaca,28,La Paz Oeste
154,Dolores / Villa Dolores,31,Cabañas Este
155,Guacotecti,31,Cabañas Este
156,San Isidro,31,Cabañas Este
157,Sensuntepeque,31,Cabañas Este
158,Victoria,31,Cabañas Este
159,Cinquera,31,Cabañas Oeste
160,Ilobasco,31,Cabañas Oeste
161,Jutiapa,31,Cabañas Oeste
162,Tejutepeque,31,Cabañas Oeste
163,Apastepeque,33,San Vicente Norte
164,San Esteban Catarina,33,San Vicente Norte
165,San Ildefonso,33,San Vicente Norte
166,San Lorenzo,33,San Vicente Norte
167,San Sebastián,33,San Vicente Norte
168,Santa Clara,33,San Vicente Norte
169,Santo Domingo,33,San Vicente Norte
170,Guadalupe,34,San Vicente Sur
171,San Cayetano Istepeque,34,San Vicente Sur
172,San Vicente,34,San Vicente Sur
173,Tecoluca,34,San Vicente Sur
174,Tepetitán,34,San Vicente Sur
175,Verapaz,34,San Vicente Sur
176,California,36,Usulután Este
177,Concepción Batres,36,Usulután Este
178,Ereguayquín,36,Usulután Este
179,Jucuarán,36,Usulután Este
180,Ozatlán,36,Usulután Este
181,Usulután,36,Usulután Este
182,San Dionisio,36,Usulután Este
183,Santa Elena,36,Usulután Este
184,Santa María,36,Usulután Este
185,Tecapán,36,Usulután Este
186,Alegría,35,Usulután Norte
187,Berlín,35,Usulután Norte
188,El Triunfo,35,Usulután Norte
189,Estanzuelas,35,Usulután Norte
190,Jucuapa,35,Usulután Norte
191,Mercedes Umaña,35,Usulután Norte
192,Nueva Granada,35,Usulután Norte
193,San Buenaventura,35,Usulután Norte
194,Santiago de María,35,Usulután Norte
195,Jiquilisco,37,Usulután Oeste
196,Puerto El Triunfo,37,Usulután Oeste
197,San Agustín,37,Usulután Oeste
198,San Francisco Javier,37,Usulután Oeste
199,Comacarán,39,San Miguel Centro
200,Moncagua,39,San Miguel Centro
201,Chirilagua,39,San Miguel Centro
202,Quelepa,39,San Miguel Centro
203,San Miguel,39,San Miguel Centro
204,Uluazapa,39,San Miguel Centro
205,Carolina,38,San Miguel Norte
206,Ciudad Barrios,38,San Miguel Norte
207,Chapeltique,38,San Miguel Norte
208,Nuevo Edén de San Juan,38,San Miguel Norte
209,San Antonio del Mosco,38,San Miguel Norte
210,San Gerardo,38,San Miguel Norte
211,San Luis de La Reina,38,San Miguel Norte
212,Sesori,38,San Miguel Norte
213,Chinameca,40,San Miguel Oeste
214,El Tránsito,40,San Miguel Oeste
215,Lolotique,40,San Miguel Oeste
216,Nueva Guadalupe,40,San Miguel Oeste
217,San Jorge,40,San Miguel Oeste
218,San Rafael Oriente,40,San Miguel Oeste
219,Arambala,41,Morazán Norte
220,Cacaopera,41,Morazán Norte
221,Corinto,41,Morazán Norte
222,El Rosario,41,Morazán Norte
223,Joateca,41,Morazán Norte
224,Jocoaitique,41,Morazán Norte
225,Meanguera,41,Morazán Norte
226,Perquín,41,Morazán Norte
227,San Fernando,41,Morazán Norte
228,San Isidro,41,Morazán Norte
229,Torola,41,Morazán Norte
230,Chilanga,42,Morazán Sur
231,Delicias de Concepción,42,Morazán Sur
232,El Divisadero,42,Morazán Sur
233,Gualococti,42,Morazán Sur
234,Guatajiagua,42,Morazán Sur
235,Jocoro,42,Morazán Sur
236,Lolotiquillo,42,Morazán Sur
237,Osicala,42,Morazán Sur
238,San Carlos,42,Morazán Sur
239,San Francisco Gotera,42,Morazán Sur
240,San Simón,42,Morazán Sur
241,Sensembra,42,Morazán Sur
242,Sociedad,42,Morazán Sur
243,Yamabal,42,Morazán Sur
244,Yoloaiquín,42,Morazán Sur
245,Anamorós,43,La Unión Norte
246,Bolívar,43,La Unión Norte
247,Concepción de Oriente,43,La Unión Norte
248,El Sauce,43,La Unión Norte
249,Lislique,43,La Unión Norte
250,Nueva Esparta,43,La Unión Norte
251,Pasaquina,43,La Unión Norte
252,Polorós,43,La Unión Norte
253,San José La Fuente,43,La Unión Norte
254,Santa Rosa de Lima,43,La Unión Norte
255,Conchagua,44,La Unión Sur
256,El Carmen,44,La Unión Sur
257,Intipucá,44,La Unión Sur
258,La Unión,44,La Unión Sur
259,Meanguera del Golfo,44,La Unión Sur
260,San Alejo,44,La Unión Sur
261,Yayantique,44,La Unión Sur
262,Yucuaiquín,44,La Unión Sur
