"id","municipio_id","nombre","created_at","updated_at"
"1","2","Ahuachapán",,
"2","2","Apaneca",,
"3","2","Concepción de Ataco",,
"4","2","Tacuba",,
"5","1","Atiquizaya",,
"6","1","El Refugio",,
"7","1","San Lorenzo",,
"8","1","Turín",,
"9","3","Guaymango",,
"10","3","Jujutla",,
"11","3","San Francisco Menéndez",,
"12","3","San Pedro Puxtla",,
"13","4","Dolores",,
"14","5","Cinquera",,
"15","5","Ilobasco",,
"16","4","Guacotecti",,
"17","4","San Isidro",,
"18","4","Sensuntepeque",,
"19","4","Victoria",,
"20","5","Jutiapa",,
"21","5","Tejutepeque",,
"22","6","Citalá",,
"23","6","La Palma",,
"24","6","San Ignacio",,
"25","7","Agua Caliente",,
"26","7","San Fernando",,
"27","7","San Francisco Morazán",,
"28","7","San Rafael",,
"29","7","Santa Rita",,
"30","7","Tejutla",,
"31","8","Arcatao",,
"32","8","Azacualpa",,
"33","8","Cancasque",,
"34","8","Chalatenango",,
"35","8","Comalapa",,
"36","8","Concepción Quezaltepeque",,
"37","7","Dulce Nombre de María",,
"38","7","El Paraíso",,
"39","7","La Reina",,
"40","7","Nueva Concepción",,
"41","8","El Carrizal",,
"42","8","Nombre de Jesús",,
"43","8","Nueva Trinidad",,
"44","8","Ojos de Agua",,
"45","8","Potonico",,
"46","8","San Antonio de la Cruz",,
"47","8","San Antonio Los Ranchos",,
"48","8","San Francisco Lempa",,
"49","8","San Isidro Labrador",,
"50","8","San Luis del Carmen",,
"51","8","San Miguel de Mercedes",,
"52","8","La Laguna",,
"53","8","Las Vueltas",,
"54","8","Las Flores",,
"55","9","Suchitoto",,
"56","9","San José Guayabal",,
"57","9","Oratorio de Concepción",,
"58","9","San Bartolomé Perulapía",,
"59","9","San Pedro Perulapán",,
"60","10","Cojutepeque",,
"61","10","Candelaria",,
"62","10","El Carmen",,
"63","10","El Rosario",,
"64","10","Monte San Juan",,
"65","10","San Cristóbal",,
"66","10","San Rafael Cedros",,
"67","10","San Ramón",,
"68","10","Santa Cruz Analquito",,
"69","10","Santa Cruz Michapa",,
"70","10","Tenancingo",,
"71","11","Quezaltepeque",,
"72","11","San Matías",,
"73","11","San Pablo Tacachico",,
"74","12","San Juan Opico",,
"75","13","Sacacoyo",,
"76","13","Tepecoyo",,
"77","15","Teotepeque",,
"78","16","Santa Tecla",,
"79","16","Comasagua",,
"80","17","Cuyultitán",,
"81","17","Olocuilta",,
"82","14","Zaragoza",,
"83","15","Chiltiupán",,
"84","15","Jicalapa",,
"85","15","La Libertad",,
"86","15","Tamanique",,
"87","12","Ciudad Arce",,
"88","13","Colón",,
"89","13","Jayaque",,
"90","13","Talnique",,
"91","14","Antiguo Cuscatlán",,
"92","14","Huizúcar",,
"93","14","Nuevo Cuscatlán",,
"94","14","San José Villanueva",,
"95","17","San Juan Talpa",,
"96","17","San Luis Talpa",,
"97","18","San Juan Tepezontes",,
"98","18","San Luis La Herradura",,
"99","18","San Miguel Tepezontes",,
"100","18","San Pedro Nonualco",,
"101","18","Santa María Ostuma",,
"102","18","Mercedes La Ceiba",,
"103","18","Paraíso de Osorio",,
"104","18","San Antonio Masahuat",,
"105","18","San Emigdio",,
"106","17","San Pedro Masahuat",,
"107","17","Tapalhuaca",,
"108","17","San Francisco Chinameca",,
"109","18","El Rosario",,
"110","18","Jerusalén",,
"111","18","Santiago Nonualco",,
"112","19","San Juan Nonualco",,
"113","19","San Rafael Obrajuelo",,
"114","19","Zacatecoluca",,
"115","20","Anamorós",,
"116","20","Bolívar",,
"117","20","Concepción de Oriente",,
"118","20","El Sauce",,
"119","20","Lislique",,
"120","20","Nueva Esparta",,
"121","20","Pasaquina",,
"122","20","Polorós",,
"123","20","San José",,
"124","20","Santa Rosa de Lima",,
"125","21","Conchagua",,
"126","21","El Carmen",,
"127","21","Intipucá",,
"128","21","La Unión",,
"129","43","Santa Elena",,
"130","43","San Dionisio",,
"131","43","Santa María",,
"132","21","San Alejo",,
"133","21","Yayantique",,
"134","21","Yucuaiquín",,
"135","22","Arambala",,
"136","22","Cacaopera",,
"137","22","Corinto",,
"138","22","El Rosario",,
"139","22","Joateca",,
"140","22","Jocoaitique",,
"141","22","Meanguera",,
"142","22","Perquín",,
"143","22","San Fernando",,
"144","22","San Isidro",,
"145","22","Torola",,
"146","23","Chilanga",,
"147","43","Tecapán",,
"148","43","Usulután",,
"149","44","Jiquilisco",,
"150","44","Puerto El Triunfo",,
"151","44","San Agustín",,
"152","44","San Francisco Javier",,
"153","21","Meanguera del Golfo",,
"154","23","Delicias de Concepción",,
"155","23","El Divisadero",,
"156","23","Gualococti",,
"157","23","Guatajiagua",,
"158","23","Jocoro",,
"159","23","Lolotiquillo",,
"160","23","Osicala",,
"161","23","San Carlos",,
"162","23","San Francisco Gotera",,
"163","23","San Simón",,
"164","23","Sensembra",,
"165","23","Sociedad",,
"166","23","Yamabal",,
"167","23","Yoloaiquín",,
"168","24","Ciudad Barrios",,
"169","24","Sesori",,
"170","24","Nuevo Edén de San Juan",,
"171","24","San Gerardo",,
"172","24","San Luis de la Reina",,
"173","24","Carolina",,
"174","24","San Antonio",,
"175","24","Chapeltique",,
"176","26","Nueva Guadalupe",,
"177","26","San Jorge",,
"178","26","San Rafael Oriente",,
"179","27","Aguilares",,
"180","27","El Paisnal",,
"181","27","Guazapa",,
"182","28","Apopa",,
"183","28","Nejapa",,
"184","29","Ilopango",,
"185","29","San Martín",,
"186","25","San Miguel",,
"187","25","Comacarán",,
"188","25","Uluazapa",,
"189","25","Moncagua",,
"190","25","Quelepa",,
"191","25","Chirilagua",,
"192","26","Chinameca",,
"193","26","El Tránsito",,
"194","26","Lolotique",,
"195","29","Soyapango",,
"196","29","Tonacatepeque",,
"197","30","Ayutuxtepeque",,
"198","30","Mejicanos",,
"199","32","Apastepeque",,
"200","32","Santa Clara",,
"201","32","San Ildefonso",,
"202","32","San Esteban Catarina",,
"203","32","San Sebastián",,
"204","32","San Lorenzo",,
"205","30","Cuscatancingo",,
"206","30","Delgado",,
"207","30","San Salvador",,
"208","31","San Marcos",,
"209","31","Santo Tomás",,
"210","31","Santiago Texacuangos",,
"211","31","Panchimalco",,
"212","31","Rosario de Mora",,
"213","32","Santo Domingo",,
"214","33","San Vicente",,
"215","33","Guadalupe",,
"216","33","San Cayetano Istepeque",,
"217","33","Tecoluca",,
"218","33","Tepetitán",,
"219","33","Verapaz",,
"220","34","Masahuat",,
"221","34","Metapán",,
"222","34","Santa Rosa Guachipilín",,
"223","34","Texistepeque",,
"224","35","Santa Ana",,
"225","36","Coatepeque",,
"226","36","El Congo",,
"227","37","Candelaria de la Frontera",,
"228","37","Chalchuapa",,
"229","37","El Porvenir",,
"230","37","San Antonio Pajonal",,
"231","37","San Sebastián Salitrillo",,
"232","37","Santiago de la Frontera",,
"233","38","Juayúa",,
"234","38","Nahuizalco",,
"235","38","Salcoatitán",,
"236","38","Santa Catarina Masahuat",,
"237","39","Sonsonate",,
"238","39","Sonzacate",,
"239","39","Nahulingo",,
"240","39","San Antonio del Monte",,
"241","39","Santo Domingo de Guzmán",,
"242","40","Armenia",,
"243","40","Caluco",,
"244","40","Cuisnahuat",,
"245","40","Izalco",,
"246","40","San Julián",,
"247","40","Santa Isabel Ishuatán",,
"248","41","Acajutla",,
"249","42","Alegría",,
"250","42","Berlín",,
"251","42","El Triunfo",,
"252","42","Estanzuelas",,
"253","42","Jucuapa",,
"254","42","Mercedes Umaña",,
"255","42","Nueva Granada",,
"256","42","San Buenaventura",,
"257","42","Santiago de María",,
"258","43","California",,
"259","43","Concepción Batres",,
"260","43","Ereguayquín",,
"261","43","Jucuarán",,
"262","43","Ozatlán",,
