"role_id","model_type","model_id"
"1","App\Models\User","1"
"2","App\Models\User","158"
"2","App\Models\User","160"
"3","App\Models\User","2"
"3","App\Models\User","3"
"3","App\Models\User","4"
"3","App\Models\User","5"
"3","App\Models\User","6"
"3","App\Models\User","7"
"3","App\Models\User","8"
"3","App\Models\User","9"
"3","App\Models\User","10"
"3","App\Models\User","11"
"3","App\Models\User","12"
"3","App\Models\User","13"
"3","App\Models\User","14"
"3","App\Models\User","15"
"3","App\Models\User","16"
"3","App\Models\User","17"
"3","App\Models\User","18"
"3","App\Models\User","19"
"3","App\Models\User","20"
"3","App\Models\User","21"
"3","App\Models\User","22"
"3","App\Models\User","23"
"3","App\Models\User","24"
"3","App\Models\User","25"
"3","App\Models\User","26"
"3","App\Models\User","27"
"3","App\Models\User","28"
"3","App\Models\User","29"
"3","App\Models\User","30"
"3","App\Models\User","31"
"3","App\Models\User","32"
"3","App\Models\User","33"
"3","App\Models\User","34"
"3","App\Models\User","35"
"3","App\Models\User","36"
"3","App\Models\User","37"
"3","App\Models\User","38"
"3","App\Models\User","39"
"3","App\Models\User","40"
"3","App\Models\User","41"
"3","App\Models\User","42"
"3","App\Models\User","43"
"3","App\Models\User","44"
"3","App\Models\User","45"
"3","App\Models\User","46"
"3","App\Models\User","47"
"3","App\Models\User","48"
"3","App\Models\User","49"
"3","App\Models\User","50"
"3","App\Models\User","51"
"3","App\Models\User","52"
"3","App\Models\User","53"
"3","App\Models\User","54"
"3","App\Models\User","55"
"3","App\Models\User","56"
"3","App\Models\User","57"
"3","App\Models\User","58"
"3","App\Models\User","59"
"3","App\Models\User","60"
"3","App\Models\User","61"
"3","App\Models\User","62"
"3","App\Models\User","63"
"3","App\Models\User","64"
"3","App\Models\User","65"
"3","App\Models\User","66"
"3","App\Models\User","67"
"3","App\Models\User","68"
"3","App\Models\User","69"
"3","App\Models\User","70"
"3","App\Models\User","71"
"3","App\Models\User","72"
"3","App\Models\User","73"
"3","App\Models\User","74"
"3","App\Models\User","75"
"3","App\Models\User","76"
"3","App\Models\User","77"
"3","App\Models\User","78"
"3","App\Models\User","79"
"3","App\Models\User","80"
"3","App\Models\User","81"
"3","App\Models\User","82"
"3","App\Models\User","83"
"3","App\Models\User","84"
"3","App\Models\User","85"
"3","App\Models\User","86"
"3","App\Models\User","87"
"3","App\Models\User","88"
"3","App\Models\User","89"
"3","App\Models\User","90"
"3","App\Models\User","91"
"3","App\Models\User","92"
"3","App\Models\User","93"
"3","App\Models\User","94"
"3","App\Models\User","95"
"3","App\Models\User","96"
"3","App\Models\User","97"
"3","App\Models\User","98"
"3","App\Models\User","99"
"3","App\Models\User","100"
"3","App\Models\User","101"
"3","App\Models\User","102"
"3","App\Models\User","103"
"3","App\Models\User","104"
"3","App\Models\User","105"
"3","App\Models\User","106"
"3","App\Models\User","107"
"3","App\Models\User","108"
"3","App\Models\User","109"
"3","App\Models\User","110"
"3","App\Models\User","111"
"3","App\Models\User","112"
"3","App\Models\User","113"
"3","App\Models\User","114"
"3","App\Models\User","115"
"3","App\Models\User","116"
"3","App\Models\User","117"
"3","App\Models\User","118"
"3","App\Models\User","119"
"3","App\Models\User","120"
"3","App\Models\User","121"
"3","App\Models\User","122"
"3","App\Models\User","123"
"3","App\Models\User","124"
"3","App\Models\User","125"
"3","App\Models\User","126"
"3","App\Models\User","127"
"3","App\Models\User","128"
"3","App\Models\User","129"
"3","App\Models\User","130"
"3","App\Models\User","131"
"3","App\Models\User","132"
"3","App\Models\User","133"
"3","App\Models\User","134"
"3","App\Models\User","135"
"3","App\Models\User","136"
"3","App\Models\User","137"
"3","App\Models\User","138"
"3","App\Models\User","139"
"3","App\Models\User","140"
"3","App\Models\User","141"
"3","App\Models\User","142"
"3","App\Models\User","143"
"3","App\Models\User","144"
"3","App\Models\User","145"
"3","App\Models\User","146"
"3","App\Models\User","147"
"3","App\Models\User","148"
"3","App\Models\User","149"
"3","App\Models\User","150"
"3","App\Models\User","151"
"3","App\Models\User","152"
"3","App\Models\User","153"
"3","App\Models\User","154"
"3","App\Models\User","155"
"3","App\Models\User","156"
"3","App\Models\User","157"
"3","App\Models\User","159"
"3","App\Models\User","161"
"3","App\Models\User","162"
"3","App\Models\User","163"
"3","App\Models\User","164"
"3","App\Models\User","165"
"3","App\Models\User","166"
"3","App\Models\User","167"
"3","App\Models\User","168"
"3","App\Models\User","169"
"3","App\Models\User","170"
"3","App\Models\User","171"
"3","App\Models\User","172"
"3","App\Models\User","173"
"3","App\Models\User","174"
"3","App\Models\User","175"
"3","App\Models\User","176"
"3","App\Models\User","177"
"3","App\Models\User","178"
"3","App\Models\User","179"
"3","App\Models\User","180"
"3","App\Models\User","181"
"3","App\Models\User","182"
"3","App\Models\User","183"
"3","App\Models\User","184"
"3","App\Models\User","185"
"3","App\Models\User","186"
"3","App\Models\User","187"
"3","App\Models\User","188"
"3","App\Models\User","189"
"3","App\Models\User","190"
"3","App\Models\User","191"
"3","App\Models\User","192"
"3","App\Models\User","193"
"3","App\Models\User","194"
"3","App\Models\User","195"
"3","App\Models\User","196"
"3","App\Models\User","197"
