"id","fecha_creacion","desde","hasta","motivo","adjunto","comentarios","empleado_id","tipo_permiso_id","id_estado_vb","id_jefe_vb","fecha_vb","id_estado_aprobacion","id_jefe_aprobacion","fecha_aprobacion","created_at","updated_at"
"1","20/1/2026","18/1/2026 22:00:00","19/1/2026 01:30:00","CITA","permisos/adjuntos/doc03106620260115133009.pdf",,"62","7",,,,,,,"20/1/2026 20:43:10","20/1/2026 20:44:19"
"2","20/1/2026","27/12/2025 18:00:00","28/12/2025 07:30:00","ENFERMEDA DE MADRE","permisos/adjuntos/doc03106920260115133116.pdf",,"38","8",,,,,,,"20/1/2026 20:48:44","21/1/2026 15:47:04"
"3","21/1/2026","19/1/2026 06:00:00","19/1/2026 07:30:00","ANEXA COMPROBANTE","permisos/adjuntos/doc03106720260115133032.pdf",,"54","7",,,,,,,"21/1/2026 14:01:00","21/1/2026 14:01:00"
"4","21/1/2026","19/12/2025 05:30:00","19/12/2025 07:30:00","CITA","permisos/adjuntos/doc03106820260115133053.pdf",,"8","1",,,,,,,"21/1/2026 14:04:51","21/1/2026 14:04:51"
"5","21/1/2026","27/12/2025 18:00:00","28/12/2025 07:30:00","ENFERMEDA DE MADRE","permisos/adjuntos/doc03106920260115133116.pdf",,"38","8",,,,,,,"21/1/2026 14:07:55","21/1/2026 14:07:55"
"6","21/1/2026","11/1/2026 08:00:00","11/1/2026 17:00:00","ANEXA COPIA DUI ","permisos/adjuntos/doc03107020260115133137.pdf",,"162","3",,,,,,,"21/1/2026 14:10:27","21/1/2026 14:13:23"
"7","21/1/2026","5/1/2026 08:00:00","5/1/2026 11:30:00","DILIGENCIAS PERSONALES","permisos/adjuntos/doc03107120260115133156.pdf",,"156","1",,,,,,,"21/1/2026 14:41:12","21/1/2026 14:41:12"
"8","21/1/2026","29/12/2025 08:00:00","29/1/2026 12:00:00","ASUNTOS PERSONALES","permisos/adjuntos/doc03107220260115133217.pdf",,"155","1",,,,,,,"21/1/2026 14:43:08","21/1/2026 14:43:08"
"9","21/1/2026","1/1/2026 18:00:00","2/1/2026 07:30:00","VACACIONES DE DICIEMBRE","permisos/adjuntos/doc03107320260115133238.pdf","POR DUPLICADO ","94","2","5",,,"5",,,"21/1/2026 14:50:57","28/1/2026 16:24:55"
"10","21/1/2026","1/1/2026 18:00:00","2/1/2026 07:30:00","VACACIONES DE DICIEMBRE","permisos/adjuntos/doc03107320260115133238.pdf","POR DUPLICADO ","94","2","5",,,"5",,,"21/1/2026 14:51:43","28/1/2026 16:25:35"
"11","21/1/2026","1/1/2026 18:00:00","2/1/2026 07:30:00","VACACIONES DE DICIEMBRE","permisos/adjuntos/doc03107320260115133238.pdf","POR DUPLICADO ","94","2","5",,,"5",,,"21/1/2026 14:52:00","28/1/2026 16:26:14"
"12","21/1/2026","1/1/2026 18:00:00","2/1/2026 07:30:00","VACACIONES DE DICIEMBRE","permisos/adjuntos/doc03107320260115133238.pdf",,"94","2",,,,,,,"21/1/2026 14:52:20","21/1/2026 14:52:20"
"13","21/1/2026","1/1/2026 18:00:00","2/1/2026 07:30:00","VACACIONES DE DICIEMBRE","permisos/adjuntos/doc03107320260115133238.pdf",,"94","2",,,,,,,"21/1/2026 14:57:29","21/1/2026 14:57:29"
"14","21/1/2026","14/1/2026 08:30:00","14/1/2026 10:30:00","CITA MEDICA","permisos/adjuntos/doc03107420260115133258.pdf",,"6","7",,,,,,,"21/1/2026 15:10:43","21/1/2026 15:10:43"
"15","21/1/2026","16/1/2026 07:30:00","16/1/2026 00:00:00","ANEXA COPIA DUI ","permisos/adjuntos/doc03107520260115133331.pdf",,"124","3",,,,,,,"21/1/2026 15:12:29","21/1/2026 15:12:29"
"16","21/1/2026","22/1/2026 00:00:00","22/1/2026 07:30:00","ASUNTOS PERSONALES","permisos/adjuntos/doc03107620260115133353.pdf",,"117","1",,,,,,,"21/1/2026 15:14:54","21/1/2026 15:14:54"
"17","21/1/2026","14/1/2026 07:30:00","14/1/2026 15:30:00","HABER LABORADO 2612/25","permisos/adjuntos/doc03107720260115133412.pdf",,"5","2",,,,,,,"21/1/2026 15:16:33","21/1/2026 15:16:33"
"18","21/1/2026","14/1/2026 07:30:00","14/1/2026 15:30:00","HABER LABORADO 2612/25","permisos/adjuntos/doc03107720260115133412.pdf",,"5","2",,,,,,,"21/1/2026 15:17:15","21/1/2026 15:17:15"
"19","21/1/2026","15/1/2026 07:00:00","15/1/2026 07:47:00","CITA","permisos/adjuntos/doc03107920260115133453.pdf",,"170","7",,,,,,,"21/1/2026 15:24:04","21/1/2026 15:24:04"
"20","21/1/2026","23/1/2026 07:30:00","23/1/2026 15:30:00","ANEXA COPIA DUI ","permisos/adjuntos/doc03108020260115133515.pdf",,"188","3",,,,,,,"21/1/2026 15:25:57","21/1/2026 15:25:57"
"21","21/1/2026","13/1/2026 07:00:00","13/1/2026 10:10:00","CITA","permisos/adjuntos/doc03108120260115133537.pdf",,"170","7",,,,,,,"21/1/2026 15:27:15","21/1/2026 15:27:15"
"22","21/1/2026","12/1/2026 10:40:00","12/1/2026 15:22:00","CITA","permisos/adjuntos/doc03108220260115133558.pdf",,"163","7",,,,,,,"21/1/2026 15:33:12","21/1/2026 15:33:12"
"23","21/1/2026","15/1/2026 00:00:00","15/1/2026 07:00:00","ANEXA COPIA DUI ","permisos/adjuntos/doc03108320260115133619.pdf",,"125","3",,,,,,,"21/1/2026 15:34:35","21/1/2026 15:34:35"
"24","21/1/2026","14/1/2026 07:00:00","15/1/2026 00:00:00","ASUNTOS PERSONALES","permisos/adjuntos/doc03108520260115133701.pdf",,"179","1",,,,,,,"21/1/2026 15:36:50","21/1/2026 15:36:50"
"25","21/1/2026","14/1/2026 12:00:00","14/1/2026 15:30:00","CITA","permisos/adjuntos/doc03108620260115133720.pdf",,"175","7",,,,,,,"21/1/2026 15:38:00","21/1/2026 15:38:00"
"26","21/1/2026","9/1/2026 13:00:00","9/1/2026 15:30:00","ASUNTOS PERSONALES","permisos/adjuntos/doc03108920260115133826.pdf",,"183","1",,,,,,,"21/1/2026 15:40:30","21/1/2026 15:40:30"
"27","21/1/2026","9/1/2026 13:00:00","9/1/2026 15:30:00","ASUNTOS PERSONALES","permisos/adjuntos/doc03109020260115133845.pdf",,"187","1",,,,,,,"21/1/2026 15:41:46","21/1/2026 15:41:46"
"28","21/1/2026","8/1/2026 08:30:00","8/1/2026 11:05:00","ASUNTOS PERSONALES","permisos/adjuntos/doc03109220260115133931.pdf",,"173","1",,,,,,,"21/1/2026 15:43:39","21/1/2026 15:43:39"
"29","21/1/2026","4/1/2026 18:00:00","5/1/2026 07:30:00","ENFERMEDA DE MADRE","permisos/adjuntos/doc03109320260115134001.pdf",,"38","8",,,,,,,"21/1/2026 15:45:09","21/1/2026 15:45:09"
"30","21/1/2026","7/1/2026 13:00:00","7/1/2026 15:30:00","ASUNTOS PERSONALES","permisos/adjuntos/doc03109520260115134042.pdf",,"158","1",,,,,,,"21/1/2026 15:50:13","21/1/2026 15:50:13"
"31","21/1/2026","15/1/2026 10:00:00","15/1/2026 15:00:00","AUDIENCIA JUDICIAL","permisos/adjuntos/doc03109820260115134144.pdf",,"164","10",,,,,,,"21/1/2026 15:52:05","21/1/2026 15:52:05"
"32","21/1/2026","16/1/2026 07:30:00","16/1/2026 18:00:00","ANEXA COPIA DUI ","permisos/adjuntos/doc03110020260115134229.pdf",,"104","3",,,,,,,"21/1/2026 15:53:22","21/1/2026 15:53:22"
"33","21/1/2026","9/1/2026 05:00:00","9/1/2026 07:30:00","ASUNTOS PERSONALES","permisos/adjuntos/doc03110420260115134347.pdf",,"30","1",,,,,,,"21/1/2026 16:03:09","21/1/2026 16:03:09"
"34","21/1/2026","7/1/2026 14:30:00","7/1/2026 18:00:00","ASUNTOS PERSONALES","permisos/adjuntos/doc03110620260115134425.pdf",,"39","1",,,,,,,"21/1/2026 16:04:57","21/1/2026 16:04:57"
"35","21/1/2026","7/1/2026 14:30:00","7/1/2026 18:00:00","ASUNTOS PERSONALES","permisos/adjuntos/doc03110720260115134443.pdf",,"44","1",,,,,,,"21/1/2026 16:12:38","21/1/2026 16:12:38"
"36","21/1/2026","12/1/2026 18:00:00","12/1/2026 00:00:00","ANEXA COPIA DUI ","permisos/adjuntos/doc03110820260115134504.pdf",,"38","3",,,,,,,"21/1/2026 16:15:57","21/1/2026 16:15:57"
"37","21/1/2026","13/1/2026 00:00:00","13/1/2026 07:30:00","ASUNTOS PERSONALES","permisos/adjuntos/doc03117520260120082842.pdf",,"38","1",,,,,,,"21/1/2026 16:24:46","21/1/2026 16:24:46"
"38","21/1/2026","7/1/2026 16:00:00","7/1/2026 18:00:00","ASUNTOS PERSONALES","permisos/adjuntos/doc03110920260115134522.pdf",,"42","1",,,,,,,"21/1/2026 16:28:49","21/1/2026 16:28:49"
"39","21/1/2026","22/12/2025 04:00:00","22/12/2025 07:30:00","ASUNTOS PERSONALES","permisos/adjuntos/doc03111120260115134604.pdf",,"32","1",,,,,,,"21/1/2026 16:30:29","21/1/2026 16:30:29"
"40","21/1/2026","20/1/2026 07:30:00","20/1/2026 12:00:00","ASUNTOS PERSONALES","permisos/adjuntos/doc03111220260115134625.pdf",,"8","8",,,,,,,"21/1/2026 16:33:30","21/1/2026 16:33:30"
"41","21/1/2026","27/1/2026 16:00:00","28/1/2026 07:30:00","ASUNTOS PERSONALES","permisos/adjuntos/doc03111320260115134644.pdf",,"12","1",,,,,,,"21/1/2026 16:40:56","21/1/2026 16:40:56"
"42","21/1/2026","3/1/2026 07:30:00","3/1/2026 14:00:00","ENFERMEDAD DE SU HIJA","permisos/adjuntos/doc03111520260115134722.pdf",,"34","8",,,,,,,"21/1/2026 16:43:31","21/1/2026 16:43:31"
"43","21/1/2026","19/1/2026 07:00:00","19/1/2026 16:00:00","ASUNTOS PERSONALES","permisos/adjuntos/doc03118020260120092036.pdf",,"7","1",,,,,,,"21/1/2026 16:45:28","21/1/2026 16:45:28"
"44","21/1/2026","9/1/2026 08:00:00","9/1/2026 11:15:00","ASUNTOS PERSONALES","permisos/adjuntos/doc03118120260120092101.pdf",,"106","1",,,,,,,"21/1/2026 16:47:31","21/1/2026 16:47:31"
"45","21/1/2026","13/1/2026 17:00:00","13/1/2026 18:00:00","ASUNTOS PERSONALES ","permisos/adjuntos/doc03118220260120092120.pdf",,"71","1",,,,,,,"21/1/2026 17:01:52","21/1/2026 17:01:52"
"46","21/1/2026","13/1/2026 04:00:00","13/1/2026 07:30:00","ASUNTOS PERSONALES","permisos/adjuntos/doc03119020260120092409.pdf",,"32","1",,,,,,,"21/1/2026 17:04:10","21/1/2026 17:04:10"
"47","21/1/2026","29/12/2025 00:00:00","29/12/2025 07:30:00","ANEXA COPIA DUI ","permisos/adjuntos/doc03119120260120092432.pdf",,"101","3",,,,,,,"21/1/2026 17:06:03","21/1/2026 17:06:03"
"48","21/1/2026","13/12/2025 00:00:00","13/12/2025 07:30:00","ASUNTOS PERSONALES","permisos/adjuntos/doc03119220260120092455.pdf",,"46","1",,,,,,,"21/1/2026 17:08:54","21/1/2026 17:08:54"
"49","21/1/2026","23/12/2025 07:30:00","23/12/2025 16:00:00","ASUNTOS PERSONALES","permisos/adjuntos/doc03120620260120093025.pdf",,"104","1",,,,,,,"21/1/2026 19:02:42","21/1/2026 19:02:42"
"50","21/1/2026","21/1/2026 00:00:00","21/12/2025 07:00:00","CITA","permisos/adjuntos/doc03120820260120093110.pdf",,"19","7",,,,,,,"21/1/2026 19:04:17","21/1/2026 19:04:17"
"51","21/1/2026","13/1/2026 05:30:00","13/1/2026 07:30:00","CITA","permisos/adjuntos/doc03119320260120092516.pdf",,"34","7",,,,,,,"21/1/2026 19:07:30","21/1/2026 19:07:30"
"52","21/1/2026","16/1/2026 18:00:00","16/1/2026 00:00:00","ASUNTOS PERSONALES","permisos/adjuntos/doc03119420260120092541.pdf",,"40","1",,,,,,,"21/1/2026 19:09:02","21/1/2026 19:09:02"
"53","21/1/2026","16/1/2026 07:30:00","16/1/2026 15:30:00","ASUNTOS PERSONALES","permisos/adjuntos/doc03125720260121133213.pdf",,"186","1",,,,,,,"21/1/2026 19:41:07","21/1/2026 19:41:07"
"54","21/1/2026","21/1/2026 13:00:00","21/1/2026 15:30:00","ASUNTOS PERSONALES ","permisos/adjuntos/DOA6A5~7.PDF",,"187","1",,,,,,,"21/1/2026 19:47:10","21/1/2026 19:47:10"
"55","22/1/2026","22/1/2026 07:30:00","22/1/2026 09:30:00","EXTRAS DEL 11/1/2026","permisos/adjuntos/DOF13C~7.PDF",,"183","2",,,,,,,"22/1/2026 14:18:25","22/1/2026 14:18:25"
"56","22/1/2026","14/1/2026 17:00:00","14/1/2026 00:00:00","ASUETO 5 AGOSTO 2025","permisos/adjuntos/doc03108420260115133643.pdf",,"125","2",,,,,,,"22/1/2026 14:36:33","22/1/2026 14:36:33"
"57","22/1/2026","22/1/2026 07:30:00","22/1/2026 00:00:00","5 DICIEMBRE 2025","permisos/adjuntos/doc03107820260115133431.pdf",,"117","2",,,,,,,"22/1/2026 14:40:15","22/1/2026 14:40:15"
"58","22/1/2026","22/1/2026 00:00:00","22/1/2026 07:30:00","ASUETO 25 DICIEMBRE 2025","permisos/adjuntos/doc03109120260115133905.pdf",,"142","2",,,,,,,"22/1/2026 14:51:26","22/1/2026 14:51:26"
"59","22/1/2026","9/1/2026 07:00:00","9/1/2026 16:00:00","ASUETO 25 DE DICIEMBRE 2025","permisos/adjuntos/doc03109420260115134023.pdf",,"154","2",,,,,,,"22/1/2026 14:54:45","22/1/2026 14:54:45"
"60","22/1/2026","5/1/2026 07:00:00","5/1/2026 16:00:00","EXTRAS DEL 2 Y 3 ENERO 2026","permisos/adjuntos/doc03109620260115134102.pdf",,"170","2",,,,,,,"22/1/2026 14:56:42","22/1/2026 14:56:42"
"61","22/1/2026","22/1/2026 11:00:00","22/1/2026 18:00:00","ASUETO 2 DE NOVIEMBRE 2025","permisos/adjuntos/doc03109720260115134122.pdf",,"37","2",,,,,,,"22/1/2026 15:01:00","22/1/2026 15:01:00"
"62","22/1/2026","17/1/2026 18:00:00","26/1/2026 07:30:00","VACACIONES DE DICIEMBRE","permisos/adjuntos/doc03109920260115134207.pdf",,"88","2",,,,,,,"22/1/2026 15:08:56","22/1/2026 15:08:56"
"63","22/1/2026","3/1/2026 07:30:00","3/1/2026 18:00:00","ASUETO 26 DICIEMBRE 2025","permisos/adjuntos/doc03110220260115134309.pdf",,"49","2",,,,,,,"22/1/2026 15:10:24","22/1/2026 15:10:24"
"64","22/1/2026","17/1/2026 18:00:00","26/1/2026 07:30:00","COMPRENSADO DE VACACIONES NAVIDEÑAS ","permisos/adjuntos/doc03110320260115134327.pdf",,"99","2",,,,,,,"22/1/2026 15:14:19","22/1/2026 15:14:19"
"65","22/1/2026","2/1/2026 07:30:00","3/1/2026 07:30:00","ASUETO 2 NOVIEMBRE  Y 25 DICIEMBRE /25","permisos/adjuntos/doc03111420260115134703.pdf",,"17","2",,,,,,,"22/1/2026 15:18:14","22/1/2026 15:18:14"
"66","22/1/2026","19/1/2026 09:00:00","19/1/2026 11:00:00","EXTRAS DEL 9/1/26","permisos/adjuntos/doc03117620260120091910.pdf",,"158","2",,,,,,,"22/1/2026 15:19:59","22/1/2026 15:19:59"
"67","22/1/2026","21/1/2026 07:30:00","22/1/2026 07:30:00","ASUETO 25/12/25 Y 1/1/26","permisos/adjuntos/doc03117820260120091951.pdf",,"146","2",,,,,,,"22/1/2026 15:24:08","22/1/2026 15:24:08"
"68","22/1/2026","20/1/2026 07:00:00","20/1/2026 14:00:00","ASUETO 25 DICIEMBRE/ 25","permisos/adjuntos/doc03117920260120092015.pdf",,"136","2",,,,,,,"22/1/2026 15:26:22","22/1/2026 15:26:22"
"69","22/1/2026","18/1/2026 07:30:00","18/1/2026 18:00:00","POR ASUETO 25 DE DICIEMBRE 2025","permisos/adjuntos/doc03118420260120092203.pdf",,"58","2",,,,,,,"22/1/2026 15:33:19","22/1/2026 15:33:19"
"70","22/1/2026","22/1/2026 07:30:00","28/1/2026 07:30:00","ASUETO 26,27,29,30.31 Y 2 ENERO /26","permisos/adjuntos/doc03118520260120092226.pdf",,"58","2",,,,,,,"22/1/2026 15:35:40","22/1/2026 15:35:40"
"71","22/1/2026","22/1/2026 07:30:00","28/1/2026 07:30:00","ASUETO 26,27,29,30,31 DICIEMBRE Y 2 ENERO/26","permisos/adjuntos/doc03118620260120092245.pdf",,"53","2",,,,,,,"22/1/2026 15:37:59","22/1/2026 15:41:14"
"72","22/1/2026","18/1/2026 07:30:00","18/1/2026 18:00:00","ASUETO 25 DICIEMBRE 2025","permisos/adjuntos/doc03118720260120092308.pdf",,"53","2",,,,,,,"22/1/2026 15:39:43","22/1/2026 15:39:43"
"73","22/1/2026","22/1/2026 07:30:00","28/1/2026 07:30:00","VACACIONES DICIEMBRE 26,27,29,30,31  Y 2 ENERO 2026","permisos/adjuntos/doc03118820260120092327.pdf",,"59","2",,,,,,,"22/1/2026 15:44:51","22/1/2026 15:44:51"
"74","22/1/2026","18/1/2026 07:30:00","18/1/2026 18:00:00","ASUETO 25 DICIEMBRE 2025","permisos/adjuntos/doc03118920260120092349.pdf",,"59","2",,,,,,,"22/1/2026 15:46:17","22/1/2026 15:46:17"
"75","22/1/2026","17/1/2026 00:00:00","25/1/2026 07:30:00","VACACIONES DE DICIEMBRE 24,26,27,30 Y 31","permisos/adjuntos/doc03119520260120092607.pdf",,"40","2",,,,,,,"22/1/2026 15:50:47","22/1/2026 15:50:47"
"76","22/1/2026","17/1/2026 00:00:00","25/1/2026 07:30:00","VACACIONES DE DICIEMBRE, 24,26,27,30 Y 31 ","permisos/adjuntos/doc03119620260120092632.pdf",,"36","2",,,,,,,"22/1/2026 15:52:25","22/1/2026 15:52:25"
"77","22/1/2026","6/1/2026 07:30:00","14/1/2026 18:00:00","VACACIONES DE DICIEMBRE 25,26,27,29,31,Y 2 ENERO 2026","permisos/adjuntos/doc03119820260120092720.pdf",,"111","2",,,,,,,"22/1/2026 15:55:53","22/1/2026 15:55:53"
"78","22/1/2026","6/1/2026 07:30:00","14/1/2026 18:00:00","VACACIONES DE DICIEMBRE, 25,26,27,29,30,31 Y 2 ENERO 2026","permisos/adjuntos/doc03119920260120092744.pdf",,"64","2",,,,,,,"22/1/2026 15:59:45","22/1/2026 15:59:45"
"79","22/1/2026","6/1/2026 07:30:00","14/1/2026 18:00:00","VACACIONES DE DICIEMBRE ","permisos/adjuntos/doc03120020260120092809.pdf",,"54","2",,,,,,,"22/1/2026 16:02:38","22/1/2026 16:02:38"
"80","22/1/2026","5/1/2026 18:00:00","14/1/2026 07:30:00","VACACIONES DE DICIEMBRE","permisos/adjuntos/doc03120120260120092830.pdf",,"96","2",,,,,,,"22/1/2026 16:04:04","22/1/2026 16:04:04"
"81","22/1/2026","5/1/2026 18:00:00","14/1/2026 07:30:00","VACACIONES DE DICIEMBRE","permisos/adjuntos/doc03120220260120092851.pdf",,"97","2",,,,,,,"22/1/2026 16:05:44","22/1/2026 16:05:44"
"82","22/1/2026","5/1/2026 18:00:00","9/1/2026 00:00:00","VACACIONES DE DICIEMBRE","permisos/adjuntos/doc03120320260120092914.pdf",,"101","2",,,,,,,"22/1/2026 16:07:46","22/1/2026 16:07:46"
"83","22/1/2026","12/1/2026 07:30:00","14/1/2026 07:30:00","VACACIONES DE DICIEMBRE","permisos/adjuntos/doc03120420260120092939.pdf",,"101","2",,,,,,,"22/1/2026 16:09:14","22/1/2026 16:09:14"
"84","22/1/2026","10/1/2026 00:00:00","10/1/2026 07:30:00","ASUNTOS PERSONALES","permisos/adjuntos/doc03120520260120092958.pdf",,"101","1",,,,,,,"22/1/2026 16:13:11","22/1/2026 16:13:11"
"85","22/1/2026","23/12/2025 16:00:00","23/12/2025 18:00:00","ASUETO 25 DICIEMBRE 2025","permisos/adjuntos/doc03120720260120093048.pdf",,"104","2",,,,,,,"22/1/2026 16:15:43","22/1/2026 16:15:43"
"86","22/1/2026","20/12/2025 07:00:00","20/12/2025 00:00:00","ASUETO 2 DE NOVIEMBRE 2025","permisos/adjuntos/doc03120920260120093132.pdf",,"19","2",,,,,,,"22/1/2026 16:17:07","22/1/2026 16:20:33"
"87","22/1/2026","17/1/2026 07:30:00","27/1/2026 00:00:00","VACACIONES DE DICIEMBRE","permisos/adjuntos/doc03121020260120093155.pdf",,"73","2",,,,,,,"22/1/2026 16:23:16","22/1/2026 16:23:16"
"88","22/1/2026","27/1/2026 00:00:00","27/1/2026 07:30:00","ASUNTOS PERSONALES","permisos/adjuntos/doc03121120260120093223.pdf",,"73","1",,,,,,,"22/1/2026 16:26:19","22/1/2026 16:26:19"
"89","22/1/2026","17/1/2026 07:30:00","27/1/2026 00:00:00","VACACIONES DE DICIEMBRE","permisos/adjuntos/doc03121320260120093248.pdf",,"83","2",,,,,,,"22/1/2026 16:27:47","22/1/2026 16:27:47"
"90","22/1/2026","27/1/2026 00:00:00","27/1/2026 07:30:00","ASUNTOS PERSONALES","permisos/adjuntos/doc03121420260120093313.pdf",,"83","1",,,,,,,"22/1/2026 16:29:07","22/1/2026 16:29:07"
"91","22/1/2026","5/1/2026 07:30:00","14/1/2026 00:00:00","VACACIONES DE DICIEMBRE","permisos/adjuntos/doc03121520260120093336.pdf",,"85","2",,,,,,,"22/1/2026 16:30:38","22/1/2026 16:30:38"
"92","22/1/2026","15/1/2026 00:00:00","15/1/2026 07:30:00","ASUNTOS PERSONALES",,,"85","1",,,,,,,"22/1/2026 16:31:36","22/1/2026 16:31:36"
"93","22/1/2026","5/1/2026 07:30:00","14/1/2026 00:00:00","VACACIONES DE DICIEMBRE","permisos/adjuntos/doc03121820260120093458.pdf",,"82","2",,,,,,,"22/1/2026 16:39:30","22/1/2026 16:39:30"
"94","22/1/2026","15/1/2026 00:00:00","15/1/2026 07:30:00","ASUNTOS PERSONALES","permisos/adjuntos/doc03121920260120093522.pdf",,"82","1",,,,,,,"22/1/2026 16:40:51","22/1/2026 16:40:51"
"95","22/1/2026","21/1/2026 14:30:00","22/1/2026 07:30:00","ASUETO 25 DICIEMBRE 2025","permisos/adjuntos/doc03124520260120150739.pdf",,"150","2",,,,,,,"22/1/2026 16:44:28","22/1/2026 16:44:28"
"96","22/1/2026","11/1/2026 07:30:00","15/1/2026 18:00:00","MATRIMONIO","permisos/adjuntos/doc03110120260115134248.pdf",,"44","17",,,,,,,"22/1/2026 16:48:20","22/1/2026 16:48:20"
"97","22/1/2026","11/1/2026 07:30:00","15/1/2026 18:00:00","MATRIMONIO","permisos/adjuntos/doc03110520260115134407.pdf",,"39","17",,,,,,,"22/1/2026 16:50:40","22/1/2026 16:50:40"
"98","22/1/2026","19/1/2026 11:00:00","19/1/2026 12:30:00","ASUNTOS PERSONALES","permisos/adjuntos/doc03127020260122105737.pdf",,"158","1",,,,,,,"22/1/2026 16:57:23","22/1/2026 16:57:23"
"99","22/1/2026","22/1/2026 07:30:00","22/1/2026 09:30:00","ASUNTOS  PERSONALES","permisos/adjuntos/doc03126720260122105651.pdf",,"187","1",,,,,,,"22/1/2026 17:01:37","22/1/2026 17:01:37"
"100","22/1/2026","22/1/2026 13:00:00","22/1/2026 15:30:00","ASUNTOS PERSONALES","permisos/adjuntos/doc03126820260122105709.pdf",,"174","1",,,,,,,"22/1/2026 17:02:56","22/1/2026 17:02:56"
"101","22/1/2026","21/1/2026 08:00:00","21/1/2026 09:30:00","FISIOTERAPIA","permisos/adjuntos/doc03127120260122105759.pdf",,"6","7",,,,,,,"22/1/2026 17:08:12","22/1/2026 17:08:12"
"102","22/1/2026","23/1/2026 08:00:00","23/1/2026 09:30:00","FISIOTERAPIA","permisos/adjuntos/doc03127120260122105759.pdf",,"6","7",,,,,,,"22/1/2026 17:10:00","22/1/2026 17:10:00"
"103","22/1/2026","26/1/2026 08:00:00","26/1/2026 09:30:00","FISIOTERAPIA",,,"6","7",,,,,,,"22/1/2026 17:11:09","22/1/2026 17:11:09"
"104","22/1/2026","28/1/2026 08:00:00","28/1/2026 09:30:00","FISIOTERAPIA","permisos/adjuntos/doc03127120260122105759.pdf",,"6","7",,,,,,,"22/1/2026 17:12:04","22/1/2026 17:27:19"
"105","22/1/2026","30/1/2026 08:00:00","30/1/2026 09:30:00","FISIOTERAPIA",,,"6","7",,,,,,,"22/1/2026 17:13:00","22/1/2026 17:13:00"
"106","22/1/2026","2/2/2026 08:00:00","2/2/2026 09:30:00","FISIOTERAPIA","permisos/adjuntos/doc03127120260122105759.pdf",,"6","7",,,,,,,"22/1/2026 17:30:23","22/1/2026 17:30:23"
"107","22/1/2026","4/2/2026 08:00:00","4/2/2026 09:30:00","FISIOTERAPIA","permisos/adjuntos/doc03127120260122105759.pdf",,"6","7",,,,,,,"22/1/2026 17:31:17","22/1/2026 17:31:17"
"108","22/1/2026","6/2/2026 08:00:00","6/2/2026 09:30:00","FISIOTERAPIA","permisos/adjuntos/doc03127120260122105759.pdf",,"6","7",,,,,,,"22/1/2026 17:32:18","22/1/2026 17:32:18"
"109","22/1/2026","9/2/2026 08:00:00","9/2/2026 09:30:00","FISIOTERAPIA","permisos/adjuntos/doc03127120260122105759.pdf",,"6","7",,,,,,,"22/1/2026 17:33:21","22/1/2026 17:33:21"
"110","22/1/2026","11/2/2026 08:00:00","11/2/2026 09:30:00","FISIOTERAPIA","permisos/adjuntos/doc03127120260122105759.pdf",,"6","7",,,,,,,"22/1/2026 17:34:23","22/1/2026 17:34:23"
"111","22/1/2026","13/2/2026 08:00:00","13/2/2026 09:30:00","FISIOTERAPIA","permisos/adjuntos/doc03127120260122105759.pdf",,"6","7",,,,,,,"22/1/2026 17:35:36","22/1/2026 17:35:36"
"112","22/1/2026","16/2/2026 08:00:00","16/2/2026 09:30:00","FISIOTERAPIA","permisos/adjuntos/doc03127120260122105759.pdf",,"6","7",,,,,,,"22/1/2026 17:38:18","22/1/2026 17:38:18"
"113","22/1/2026","18/2/2026 08:00:00","18/2/2026 09:30:00","FISIOTERAPIA","permisos/adjuntos/doc03127120260122105759.pdf",,"6","7",,,,,,,"22/1/2026 17:39:06","22/1/2026 17:39:06"
"114","22/1/2026","20/2/2026 08:00:00","20/2/2026 09:30:00","FISIOTERAPIA","permisos/adjuntos/doc03127120260122105759.pdf",,"6","7",,,,,,,"22/1/2026 17:40:11","22/1/2026 17:40:11"
"115","22/1/2026","23/2/2026 08:00:00","23/2/2026 09:30:00","FISIOTERAPIA","permisos/adjuntos/doc03127120260122105759.pdf",,"6","7",,,,,,,"22/1/2026 17:41:00","22/1/2026 17:41:00"
"116","22/1/2026","19/1/2026 14:00:00","19/1/2026 18:00:00","ASUNTOS PERSONALES","permisos/adjuntos/doc03127820260122132231.pdf",,"50","1",,,,,,,"22/1/2026 19:38:30","22/1/2026 19:38:30"
"117","22/1/2026","4/1/2026 18:00:00","4/1/2026 00:00:00","ASUNTOS PERSONALES","permisos/adjuntos/doc03127920260122132252.pdf",,"43","1",,,,,,,"22/1/2026 19:50:12","22/1/2026 19:50:12"
"118","22/1/2026","5/1/2026 00:00:00","13/1/2026 07:30:00","VACACIONES DE DICIEMBRE","permisos/adjuntos/doc03128020260122132317.pdf",,"43","2",,,,,,,"22/1/2026 19:52:41","22/1/2026 19:52:41"
"119","22/1/2026","27/1/2026 00:00:00","27/1/2026 07:30:00","ASUETO 2 DE NOVIEMBRE ","permisos/adjuntos/doc03128120260122132344.pdf",,"34","2",,,,,,,"22/1/2026 19:55:25","22/1/2026 19:55:25"
"120","22/1/2026","26/1/2026 07:30:00","26/1/2026 00:00:00","ASUETO 25 DE DICIEMBRE ","permisos/adjuntos/doc03128220260122132406.pdf",,"34","2",,,,,,,"22/1/2026 20:00:11","22/1/2026 20:00:11"
"121","22/1/2026","16/1/2026 05:00:00","16/1/2026 07:30:00","ASUNTOS PERSONALES ","permisos/adjuntos/doc03128320260122132426.pdf",,"57","1",,,,,,,"22/1/2026 20:01:33","22/1/2026 20:01:33"
"122","22/1/2026","19/1/2026 05:30:00","19/1/2026 07:30:00","ASUNTOS PERSONALES","permisos/adjuntos/doc03128420260122132445.pdf",,"8","1",,,,,,,"22/1/2026 20:06:42","22/1/2026 20:06:42"
"123","22/1/2026","15/1/2026 18:00:00","15/1/2026 22:11:00","ASUNTOS PERSONALES","permisos/adjuntos/doc03128520260122132505.pdf",,"55","1",,,,,,,"22/1/2026 20:21:54","22/1/2026 20:21:54"
"124","22/1/2026","28/1/2026 18:00:00","28/1/2026 23:59:00","ASUNTOS PERSONALES","permisos/adjuntos/doc03128620260122132524.pdf",,"39","1","3","162","11/2/2026 16:46:29","3","162","11/2/2026 16:46:29","22/1/2026 20:23:34","11/2/2026 16:46:29"
"125","22/1/2026","29/1/2026 00:00:00","6/2/2026 07:30:00","VACACIONES DE DICIEMBRE","permisos/adjuntos/doc03128720260122132546.pdf",,"39","2",,,,,,,"22/1/2026 20:25:20","22/1/2026 20:25:20"
"126","22/1/2026","20/1/2026 05:30:00","20/2/2026 07:30:00","ASUNTOS PERSONALES","permisos/adjuntos/doc03128820260122132606.pdf",,"62","1",,,,,,,"22/1/2026 20:29:12","22/1/2026 20:29:12"
"127","22/1/2026","16/1/2026 16:00:00","16/2/2026 18:00:00","ASUNTOS PERSONALES","permisos/adjuntos/doc03128920260122132624.pdf",,"94","1",,,,,,,"22/1/2026 20:32:02","22/1/2026 20:32:02"
"128","22/1/2026","5/1/2026 07:30:00","14/2/2026 00:00:00","VACACIONES DE DICIEMBRE","permisos/adjuntos/doc03129020260122132645.pdf",,"77","2",,,,,,,"22/1/2026 20:35:10","22/1/2026 20:35:10"
"129","22/1/2026","15/1/2026 00:00:00","15/2/2026 07:30:00","ASUNTOS PERSONALES","permisos/adjuntos/doc03129120260122132710.pdf",,"77","1",,,,,,,"22/1/2026 20:36:24","22/1/2026 20:36:24"
"130","22/1/2026","4/1/2026 07:30:00","4/1/2026 18:00:00","ASUETO 27 DICIEMBRE 2025","permisos/adjuntos/doc03129220260122132731.pdf",,"104","2","3","162","25/2/2026 14:29:38","3","162","25/2/2026 14:29:38","22/1/2026 20:42:08","25/2/2026 14:29:38"
"131","22/1/2026","23/1/2026 07:30:00","23/2/2026 14:30:00","ASUETO 2 DE NOVIEMBRE 2025","permisos/adjuntos/doc03129320260122132753.pdf",,"48","2",,,,,,,"22/1/2026 20:44:54","22/1/2026 20:44:54"
"132","22/1/2026","23/1/2026 14:30:00","23/2/2026 18:00:00","ASUNTOS PERSONALES","permisos/adjuntos/doc03129420260122132814.pdf",,"48","1",,,,,,,"22/1/2026 20:45:58","22/1/2026 20:45:58"
"133","22/1/2026","18/1/2026 05:00:00","18/2/2026 07:30:00","ASUNTOS P","permisos/adjuntos/doc03129520260122132833.pdf",,"101","1",,,,,,,"22/1/2026 20:50:25","22/1/2026 20:50:25"
"134","22/1/2026","4/1/2026 18:00:00","4/2/2026 00:00:00","ASUNTOS PERSONALES","permisos/adjuntos/doc03129620260122132852.pdf",,"45","1",,,,,,,"22/1/2026 20:52:54","22/1/2026 20:52:54"
"135","22/1/2026","5/1/2026 00:00:00","13/2/2026 07:30:00","VACACIONES DE DICIEMBRE","permisos/adjuntos/doc03129720260122132911.pdf",,"45","2",,,,,,,"22/1/2026 20:54:30","22/1/2026 20:54:30"
"136","22/1/2026","17/1/2026 07:30:00","17/2/2026 18:00:00","ASUETO 2 DE NOVIEMBRE 2025","permisos/adjuntos/doc03129820260122132933.pdf",,"82","2",,,,,,,"22/1/2026 20:58:54","22/1/2026 20:58:54"
"137","22/1/2026","17/1/2026 14:30:00","17/2/2026 18:00:00","REUNION PADRE DE FAMILIA","permisos/adjuntos/doc03129920260122132958.pdf",,"77","1",,,,,,,"22/1/2026 21:03:47","22/1/2026 21:03:47"
"138","22/1/2026","19/1/2026 07:30:00","19/2/2026 18:00:00","ANEXA COPIA DUI ","permisos/adjuntos/doc03130020260122133022.pdf",,"45","3",,,,,,,"22/1/2026 21:10:01","22/1/2026 21:10:01"
"139","22/1/2026","21/1/2026 07:30:00","22/2/2026 07:30:00","OFICIALIA 17 Y 18 /1/26 SUBDIRECCION SEGURIDAD PUBLICA","permisos/adjuntos/doc03130120260122133042.pdf",,"26","2",,,,,,,"22/1/2026 21:12:53","22/1/2026 21:12:53"
"140","23/1/2026","20/1/2026 08:00:00","20/1/2026 16:00:00","por haber laborado 31/12/25","permisos/adjuntos/doc03130220260122133104.pdf",,"106","2",,,,,,,"23/1/2026 14:19:38","23/1/2026 14:19:38"
"141","26/1/2026","30/1/2026 07:00:00","31/1/2026 07:00:00","trabajo  del 25 diciembre 2025","permisos/doc03135920260126092041.pdf",,"178","2","3",,,"3",,,"26/1/2026 16:39:27","26/1/2026 16:39:27"
"142","26/1/2026","23/1/2026 09:30:00","23/1/2026 13:30:00","CITA","permisos/doc03134720260126080738.pdf","anexa comprobante ","6","7","3",,,"3",,,"26/1/2026 16:53:52","26/1/2026 16:53:52"
"143","26/1/2026","24/1/2026 07:30:00","25/1/2026 07:30:00","por haber laborado 21 y 22 enero 2026","permisos/doc03135120260126080906.pdf","horas exras","138","2","3",,,"3",,,"26/1/2026 16:56:56","26/1/2026 16:56:56"
"144","26/1/2026","22/1/2026 12:50:00","22/1/2026 14:30:00","CITA","permisos/doc03135220260126080925.pdf","anexa constancia","173","7","3",,,"3",,,"26/1/2026 17:02:06","26/1/2026 17:02:06"
"145","27/1/2026","22/1/2026 15:00:00","22/1/2026 16:00:00","ASUNTOS PERSONALES","permisos/doc03137220260127094130.pdf",,"106","1","3",,,"3",,,"27/1/2026 15:59:06","27/1/2026 15:59:06"
"146","27/1/2026","24/1/2026 07:30:00","24/1/2026 00:30:00","ASUETO 2 DE NOVIEMBRE 2025","permisos/doc03137320260127094151.pdf",,"18","2","3",,,"3",,,"27/1/2026 16:02:08","27/1/2026 16:02:08"
"147","27/1/2026","9/2/2026 07:30:00","9/2/2026 18:00:00","ASUNTOS PERSONALES ",,,"89","1","3",,,"3",,,"27/1/2026 16:18:28","27/1/2026 16:18:28"
"148","27/1/2026","27/1/2026 14:30:00","28/1/2026 07:30:00","ASUETO 15 DE SEPTIEMBRE 2025","permisos/doc03137420260127094215.pdf",,"30","2","3",,,"3",,,"27/1/2026 17:10:53","27/1/2026 17:10:53"
"149","27/1/2026","29/1/2026 07:00:00","7/2/2026 00:00:00","ASUETO VACACIONES FIN DE AÑO 2025","permisos/doc03137520260127094240.pdf",,"84","2","3",,,"3",,,"27/1/2026 17:12:26","27/1/2026 17:12:26"
"150","27/1/2026","8/2/2026 00:00:00","8/2/2026 07:30:00","ASUNTOS PERSONALES ","permisos/doc03137620260127094304.pdf",,"84","1","3",,,"3",,,"27/1/2026 17:14:08","27/1/2026 17:14:08"
"151","27/1/2026","29/1/2026 07:00:00","7/2/2026 00:00:00","VACACIONES DE DICIEMBRE","permisos/doc03137720260127094323.pdf",,"74","2","3",,,"3",,,"27/1/2026 17:20:20","27/1/2026 17:20:20"
"152","27/1/2026","8/2/2026 00:00:00","8/2/2026 07:30:00","ASUNTOS PERSONALES ","permisos/doc03137820260127094346.pdf",,"74","1","3",,,"3",,,"27/1/2026 17:22:40","27/1/2026 17:22:40"
"153","27/1/2026","23/1/2026 07:00:00","23/1/2026 07:30:00","ASUNTOS PERSONALES ","permisos/doc03137920260127094409.pdf",,"78","1","3",,,"3",,,"27/1/2026 17:25:10","27/1/2026 17:25:10"
"154","27/1/2026","14/1/2026 14:00:00","14/1/2026 17:00:00","ASUNTOS PERSONALES ","permisos/doc03138120260127094448.pdf",,"162","1","3",,,"3",,,"27/1/2026 17:26:55","27/1/2026 17:26:55"
"155","27/1/2026","22/1/2026 07:30:00","22/1/2026 11:30:00","ASUNTOS PERSONALES ","permisos/doc03138220260127094509.pdf",,"13","1","3",,,"3",,,"27/1/2026 17:29:30","27/1/2026 17:29:30"
"156","27/1/2026","26/1/2026 06:00:00","26/1/2026 07:03:00","CITA","permisos/doc03138320260127094528.pdf",,"8","7","3",,,"3",,,"27/1/2026 17:31:47","27/1/2026 17:31:47"
"157","27/1/2026","23/1/2026 07:30:00","23/1/2026 14:30:00","ASUETO 1 DE ENERO 2025","permisos/doc03138420260127094553.pdf",,"10","2","3",,,"3",,,"27/1/2026 17:50:51","27/1/2026 17:50:51"
"158","27/1/2026","23/1/2026 14:30:00","23/1/2026 16:36:00","ASUNTOS PERSONALES ","permisos/doc03138520260127094618.pdf",,"10","1","3",,,"3",,,"27/1/2026 17:52:25","27/1/2026 17:52:25"
"159","27/1/2026","30/1/2026 07:30:00","7/2/2026 18:00:00","VACACIONES DE DICIEMBRE","permisos/doc03138620260127094642.pdf",,"56","2","3",,,"3",,,"27/1/2026 19:15:14","27/1/2026 19:15:14"
"160","27/1/2026","30/1/2026 07:30:00","7/2/2026 18:00:00","VACACIONES DE DICIEMBRE","permisos/doc03138720260127094707.pdf",,"67","2","3",,,"3",,,"27/1/2026 19:17:39","27/1/2026 19:17:39"
"161","27/1/2026","15/1/2026 07:30:00","16/1/2026 07:30:00","POR HABER LABORADORO DIA DE LICENCIA","permisos/doc03138820260127094730.pdf",,"17","2","3",,,"3",,,"27/1/2026 19:20:30","27/1/2026 19:20:30"
"162","27/1/2026","29/1/2026 18:00:00","6/2/2026 07:30:00","VACACIONES DE DICIEMBRE","permisos/doc03138920260127094752.pdf",,"87","2","3",,,"3",,,"27/1/2026 19:22:17","27/1/2026 19:22:17"
"163","27/1/2026","20/1/2026 20:00:00","20/1/2026 21:00:00","ASUETO 24/12/25","permisos/doc03139020260127094814.pdf",,"41","2","3",,,"3",,,"27/1/2026 19:24:20","27/1/2026 19:24:20"
"164","27/1/2026","29/1/2026 00:00:00","6/2/2026 07:30:00","VACACIONES DE DICIEMBRE","permisos/doc03139220260127094903.pdf",,"44","2","3",,,"3",,,"27/1/2026 19:26:36","27/1/2026 19:26:36"
"165","27/1/2026","28/1/2026 18:00:00","28/1/2026 23:59:00","ASUNTOS PERSONALES ","permisos/doc03139120260127094839.pdf",,"44","1","3","26","11/2/2026 16:44:52","3","162","11/2/2026 16:44:52","27/1/2026 19:27:58","11/2/2026 16:44:52"
"166","27/1/2026","29/1/2026 18:00:00","6/2/2026 07:30:00","VACACIONES DE DICIEMBRE","permisos/doc03139320260127094924.pdf",,"103","2","3",,,"3",,,"27/1/2026 19:36:58","27/1/2026 19:36:58"
"167","27/1/2026","24/1/2026 18:00:00","24/1/2026 23:58:00","ASUNTOS PERSONALES ","permisos/doc03139420260127094945.pdf",,"51","1","3",,,"3",,,"27/1/2026 19:38:22","27/1/2026 19:39:10"
"168","27/1/2026","25/1/2026 00:00:00","25/1/2026 07:30:00","CUMPLEAÑOS","permisos/doc03139520260127095010.pdf",,"51","3","3",,,"3",,,"27/1/2026 19:40:49","27/1/2026 19:40:49"
"169","27/1/2026","27/1/2026 05:00:00","27/1/2026 07:30:00","CITA","permisos/doc03139620260127095032.pdf",,"145","7","3",,,"3",,,"27/1/2026 20:23:24","27/1/2026 20:23:24"
"170","28/1/2026","27/1/2026 07:30:00","27/1/2026 09:50:00","ASUNTOS PERSONALES ","permisos/doc03142220260128082835.pdf",,"118","1","3",,,"3",,,"28/1/2026 15:06:41","28/1/2026 15:06:41"
"171","28/1/2026","27/1/2026 14:15:00","27/1/2026 17:00:00","EXTRAS DEL 19/1/2026","permisos/doc03142320260128082856.pdf","FRACCIONADO RESTAN 3:15 HRS ","173","2","3",,,"3",,,"28/1/2026 15:09:44","28/1/2026 15:09:44"
"172","28/1/2026","28/1/2026 07:30:00","28/1/2026 15:30:00","EXTRAS DEL 16/12/25, 22/01/26, 29/9/25, 30/9/25","permisos/doc03142420260128082936.pdf",,"188","2","3",,,"3",,,"28/1/2026 15:11:59","28/1/2026 15:11:59"
"173","28/1/2026","25/1/2026 07:30:00","26/1/2026 07:30:00","POR HABERSE PRESENTADO UN DIA  ANTES DE  VENCER SUS VACACIONES ANUALES","permisos/doc03142520260128082958.pdf",,"11","2","3",,,"3",,,"28/1/2026 15:14:30","28/1/2026 15:14:30"
"174","28/1/2026","4/2/2026 07:30:00","4/2/2026 23:59:00","ASUETO 25/12/25","permisos/doc03142620260128083019.pdf",,"33","2","3",,,"3",,,"28/1/2026 15:16:23","28/1/2026 15:16:23"
"175","28/1/2026","5/2/2026 00:00:00","5/2/2026 07:30:00","ASUETO 15 DE SEPTIEMBRE /25","permisos/doc03142720260128083039.pdf",,"33","2","3",,,"3",,,"28/1/2026 15:54:23","28/1/2026 15:54:23"
"176","28/1/2026","27/1/2026 17:00:00","27/1/2026 18:00:00","ASUNTOS PERSONALES ","permisos/doc03145420260128100511.pdf",,"47","1","3",,,"3",,,"28/1/2026 16:12:46","28/1/2026 16:12:46"
"177","28/1/2026","1/2/2026 07:30:00","1/2/2026 14:30:00","ASUETO 1 DE ENERO 2025","permisos/doc03145520260128100532.pdf",,"121","2","3",,,"3",,,"28/1/2026 16:15:02","28/1/2026 16:15:02"
"178","28/1/2026","30/1/2026 13:00:00","30/1/2026 15:30:00","extras  11/1/2026","permisos/doc03146420260128131200.pdf",,"183","2","3","184","28/1/2026 21:43:20","3","184","28/1/2026 21:44:33","28/1/2026 19:18:43","28/1/2026 21:44:33"
"179","29/1/2026","1/2/2026 07:30:00","23/2/2026 09:30:00","ASUNTOS PERSONALES ","permisos/doc03146720260129082312.pdf",,"14","1","3","17","29/1/2026 15:28:39","3","162","29/1/2026 15:28:39","29/1/2026 15:28:39","29/1/2026 15:28:39"
"180","29/1/2026","30/1/2026 07:30:00","30/1/2026 09:30:00","ASUNTOS PERSONALES ","permisos/doc03146820260129082336.pdf",,"31","1","3","26","29/1/2026 15:31:41","3","162","29/1/2026 15:31:41","29/1/2026 15:31:41","29/1/2026 15:31:41"
"181","29/1/2026","30/1/2026 09:30:00","30/1/2026 14:30:00","ASUETO 2 DE NOVIEMBRE 2025","permisos/doc03146920260129082401.pdf",,"31","2","3","26","29/1/2026 15:33:44","3","162","29/1/2026 15:33:44","29/1/2026 15:33:44","29/1/2026 15:33:44"
"182","29/1/2026","31/1/2026 14:30:00","31/1/2026 07:30:00","ASUETO 25 DICIEMBRE","permisos/doc03147020260129082430.pdf",,"31","2","3","26","29/1/2026 15:38:53","3","162","29/1/2026 15:38:53","29/1/2026 15:38:53","29/1/2026 15:38:53"
"183","29/1/2026","28/1/2026 15:00:00","28/1/2026 18:00:00","ASUNTOS PERSONALES ","permisos/doc03147120260129082454.pdf",,"94","1","3","26","29/1/2026 15:40:57","3","162","29/1/2026 15:40:57","29/1/2026 15:40:57","29/1/2026 15:40:57"
"184","29/1/2026","3/2/2026 08:00:00","3/2/2026 16:00:00","ASUETO 31 DE DICIEMBRE 2025","permisos/doc03147220260129082515.pdf",,"109","2","3","8","29/1/2026 15:44:15","3","162","29/1/2026 15:44:15","29/1/2026 15:44:15","29/1/2026 15:44:15"
"185","29/1/2026","28/1/2026 08:00:00","28/1/2026 14:37:00","CITA","permisos/doc03147320260129082539.pdf",,"109","7","3","26","29/1/2026 15:46:06","3","162","29/1/2026 15:46:06","29/1/2026 15:46:06","29/1/2026 16:24:47"
"186","29/1/2026","30/1/2026 16:30:00","31/1/2026 07:30:00","ASUETO 15 DE SEPTIEMBRE /25","permisos/doc03147420260129082606.pdf",,"26","2","3","162","29/1/2026 15:48:54","3","162","29/1/2026 15:48:54","29/1/2026 15:48:54","29/1/2026 15:48:54"
"187","29/1/2026","30/1/2026 14:30:00","31/1/2026 07:30:00","ASUETO 25 DICIEMBRE ","permisos/doc03148220260129100432.pdf",,"153","2","3","151","29/1/2026 16:26:50","3","151","29/1/2026 16:26:50","29/1/2026 16:26:50","29/1/2026 16:26:50"
"188","30/1/2026","2/2/2026 08:00:00","2/2/2026 17:00:00","ASUNTOS PERSONALES ","permisos/doc03151020260130085544.pdf",,"155","1","3","159","30/1/2026 14:58:30","3","151","30/1/2026 14:58:30","30/1/2026 14:58:30","30/1/2026 14:58:30"
"189","30/1/2026","12/2/2026 00:00:00","12/2/2026 07:30:00","asueto 25 diciembre ","permisos/doc03151120260130085603.pdf",,"172","2","3","163","30/1/2026 15:01:03","3","163","30/1/2026 15:01:03","30/1/2026 15:01:03","30/1/2026 15:01:03"
"190","30/1/2026","2/2/2026 07:00:00","2/2/2026 14:00:00","asueto 25 diciembre ","permisos/doc03151220260130085627.pdf",,"180","2","3","184","30/1/2026 15:03:54","3","184","30/1/2026 15:03:54","30/1/2026 15:03:54","30/1/2026 15:03:54"
"191","30/1/2026","30/1/2026 14:00:00","30/1/2026 15:30:00","ASUNTOS PERSONALES ","permisos/doc03152320260130125002.pdf",,"189","1","3","184","30/1/2026 18:54:54","3","184","30/1/2026 18:54:54","30/1/2026 18:54:54","30/1/2026 18:54:54"
"192","30/1/2026","30/1/2026 13:00:00","30/1/2026 15:30:00","extras del 27/1/2026","permisos/doc03152420260130125020.pdf",,"187","2","3","184","30/1/2026 18:56:59","3","184","30/1/2026 18:56:59","30/1/2026 18:56:59","30/1/2026 18:56:59"
"193","2/2/2026","25/1/2026 00:30:00","25/1/2026 07:30:00","ASUETO 25 DE DICIEMBRE ","permisos/doc03155020260202100826.pdf",,"18","2","3","17","2/2/2026 17:54:22","3","162","2/2/2026 17:54:22","2/2/2026 17:54:22","2/2/2026 17:54:22"
"194","2/2/2026","30/1/2026 14:00:00","30/1/2026 16:30:00","ASUNTOS PERSONALES ","permisos/doc03155120260202100846.pdf",,"26","1","3","162","2/2/2026 17:57:21","3","162","2/2/2026 17:57:21","2/2/2026 17:57:21","2/2/2026 17:57:21"
"195","2/2/2026","30/1/2026 16:30:00","30/1/2026 18:00:00","ASUNTOS PERSONALES ","permisos/doc03155120260202100846.pdf",,"111","1","3","26","2/2/2026 19:14:01","3","162","2/2/2026 19:14:01","2/2/2026 19:14:01","2/2/2026 19:14:01"
"196","2/2/2026","29/1/2026 14:00:00","29/1/2026 15:00:00","ASUNTOS PERSONALES ","permisos/doc03155320260202101007.pdf",,"105","1","3","17","2/2/2026 19:15:58","3","162","2/2/2026 19:15:58","2/2/2026 19:15:58","2/2/2026 19:15:58"
"197","2/2/2026","10/2/2026 18:00:00","19/1/2026 07:30:00","VACACIONES DE DICIEMBRE","permisos/doc03155420260202101026.pdf",,"89","2","3","17","2/2/2026 19:18:08","3","162","2/2/2026 19:18:08","2/2/2026 19:18:08","2/2/2026 19:18:08"
"198","2/2/2026","10/2/2026 18:00:00","19/2/2026 00:00:00","VACACIONES DE DICIEMBRE","permisos/doc03155520260202101046.pdf",,"95","2","3","17","2/2/2026 19:19:52","3","162","2/2/2026 19:19:52","2/2/2026 19:19:52","2/2/2026 19:19:52"
"199","2/2/2026","29/1/2026 08:45:00","29/1/2026 12:15:00","CITA","permisos/doc03155620260202101107.pdf",,"107","7","3","17","2/2/2026 19:21:54","3","162","2/2/2026 19:21:54","2/2/2026 19:21:54","2/2/2026 19:21:54"
"200","2/2/2026","30/1/2026 15:00:00","30/1/2026 18:00:00","CITA","permisos/doc03155720260202101127.pdf",,"54","7","3","26","2/2/2026 19:25:03","3","162","2/2/2026 19:25:03","2/2/2026 19:25:03","2/2/2026 19:25:03"
"201","2/2/2026","31/1/2026 18:00:00","31/1/2026 00:00:00","ASUNTOS PERSONALES ","permisos/doc03155820260202101151.pdf",,"57","1","3","17","2/2/2026 19:26:34","3","162","2/2/2026 19:26:34","2/2/2026 19:26:34","2/2/2026 19:26:34"
"202","2/2/2026","1/2/2026 00:00:00","1/1/2026 07:30:00","CUMPLEAÑOS","permisos/doc03155920260202101219.pdf",,"57","3","3","17","2/2/2026 19:28:14","3","162","2/2/2026 19:28:14","2/2/2026 19:28:14","2/2/2026 19:28:14"
"203","2/2/2026","30/1/2026 15:30:00","30/1/2026 18:00:00","ASUNTOS PERSONALES ","permisos/doc03156020260202101239.pdf",,"52","1","3","26","2/2/2026 19:29:50","3","162","2/2/2026 19:29:50","2/2/2026 19:29:50","2/2/2026 19:29:50"
"204","2/2/2026","30/1/2026 13:30:00","28/1/2026 15:30:00","ASUNTOS PERSONALES ","permisos/doc03156620260202134710.pdf",,"157","1","5","96","2/2/2026 20:25:26","3","151","2/2/2026 20:25:26","2/2/2026 20:25:26","2/2/2026 20:25:26"
"205","2/2/2026","30/1/2026 13:30:00","30/1/2026 15:30:00","ASUNTOS PERSONALES ","permisos/doc03156720260202134732.pdf",,"5","2","3","151","2/2/2026 20:27:48","3","151","2/2/2026 20:27:48","2/2/2026 20:27:48","2/2/2026 20:27:48"
"206","2/2/2026","5/2/2026 07:30:00","5/2/2026 10:30:00","ASUTO 5 DE AGOSTO 2025","permisos/doc03156820260202134753.pdf",,"125","2","3","151","2/2/2026 20:31:45","3","151","2/2/2026 20:31:45","2/2/2026 20:31:45","2/2/2026 20:31:45"
"207","2/2/2026","29/1/2026 14:45:00","29/1/2026 15:30:00","FISIOTERAPIA","permisos/LUIS.pdf",,"174","7","3","163","2/2/2026 20:50:50","3","151","2/2/2026 20:50:50","2/2/2026 20:50:50","2/2/2026 20:50:50"
"208","2/2/2026","30/1/2026 14:45:00","30/1/2026 15:30:00","FISIOTERAPIA","permisos/LUIS.pdf",,"174","7","3","163","2/2/2026 20:52:31","3","151","2/2/2026 20:52:31","2/2/2026 20:52:31","2/2/2026 20:52:31"
"209","2/2/2026","4/2/2026 14:45:00","4/1/2026 15:30:00","FISIOTERAPIA","permisos/LUIS.pdf",,"174","7","3","163","2/2/2026 20:54:18","3","151","2/2/2026 20:54:18","2/2/2026 20:54:18","2/2/2026 20:54:18"
"210","2/2/2026","6/2/2026 14:45:00","6/2/2026 15:30:00","FISIOTERAPIA","permisos/LUIS.pdf",,"174","7","3","163","2/2/2026 20:56:38","3","151","2/2/2026 20:56:38","2/2/2026 20:56:38","2/2/2026 20:56:38"
"211","2/2/2026","11/2/2026 14:45:00","11/2/2026 15:30:00","FISIOTERAPIA","permisos/LUIS.pdf",,"174","7","3","163","2/2/2026 20:58:24","3","151","2/2/2026 20:58:24","2/2/2026 20:58:24","2/2/2026 20:58:24"
"212","2/2/2026","12/2/2026 14:45:00","12/2/2026 15:30:00","FISIOTERAPIA","permisos/LUIS.pdf",,"174","7","3","163","2/2/2026 21:06:36","3","151","2/2/2026 21:06:36","2/2/2026 21:06:36","2/2/2026 21:06:36"
"213","2/2/2026","13/2/2026 14:45:00","13/2/2026 15:30:00","FISIOTERAPIA","permisos/LUIS.pdf",,"174","7","3","163","2/2/2026 21:08:02","3","151","2/2/2026 21:08:02","2/2/2026 21:08:02","2/2/2026 21:08:02"
"214","2/2/2026","18/2/2026 14:45:00","18/2/2026 15:30:00","FISIOTERAPIA","permisos/LUIS.pdf",,"174","7","3","163","2/2/2026 21:10:31","3","151","2/2/2026 21:10:31","2/2/2026 21:10:31","2/2/2026 21:10:31"
"215","2/2/2026","19/2/2026 14:45:00","19/2/2026 15:30:00","FISIOTERAPIA","permisos/LUIS.pdf",,"174","7","3","163","2/2/2026 21:12:05","3","151","2/2/2026 21:12:05","2/2/2026 21:12:05","2/2/2026 21:12:05"
"216","3/2/2026","20/2/2026 14:45:00","20/2/2026 15:30:00","FISIOTERAPIA","permisos/LUIS.pdf",,"174","7","3","163","3/2/2026 14:03:26","3","162","3/2/2026 14:03:26","3/2/2026 14:03:26","3/2/2026 14:03:26"
"217","3/2/2026","25/2/2026 14:45:00","25/2/2026 15:30:00","FISIOTERAPIA","permisos/LUIS.pdf",,"174","7","3","163","3/2/2026 14:17:58","3","162","3/2/2026 14:17:58","3/2/2026 14:17:58","3/2/2026 14:17:58"
"218","3/2/2026","26/2/2026 14:45:00","26/2/2026 15:30:00","FISIOTERAPIA","permisos/LUIS.pdf",,"174","7","3","163","3/2/2026 14:19:20","3","162","3/2/2026 14:19:20","3/2/2026 14:19:20","3/2/2026 14:19:20"
"219","3/2/2026","27/2/2026 14:45:00","27/2/2026 15:30:00","FISIOTERAPIA","permisos/LUIS.pdf",,"174","7","3","163","3/2/2026 14:21:24","3","162","3/2/2026 14:21:24","3/2/2026 14:21:24","3/2/2026 14:21:24"
"220","3/2/2026","4/3/2026 14:45:00","4/3/2026 15:30:00","FISIOTERAPIA","permisos/LUIS.pdf",,"174","7","3","163","3/2/2026 14:23:51","3","162","3/2/2026 14:23:51","3/2/2026 14:23:51","3/2/2026 14:23:51"
"221","3/2/2026","5/3/2026 14:45:00","5/3/2026 15:30:00","FISIOTERAPIA","permisos/LUIS.pdf",,"174","7","3","163","3/2/2026 14:25:22","3","162","3/2/2026 14:25:22","3/2/2026 14:25:22","3/2/2026 14:25:22"
"222","3/2/2026","6/3/2026 14:45:00","6/3/2026 15:30:00","FISIOTERAPIA","permisos/LUIS.pdf",,"174","7","3","163","3/2/2026 14:27:01","3","151","3/2/2026 14:27:01","3/2/2026 14:27:01","3/2/2026 14:27:01"
"223","3/2/2026","11/3/2026 14:45:00","11/3/2026 15:30:00","FISIOTERAPIA","permisos/LUIS.pdf",,"174","7","3","163","3/2/2026 14:29:13","3","151","3/2/2026 14:29:13","3/2/2026 14:29:13","3/2/2026 14:29:13"
"224","3/2/2026","12/3/2026 14:45:00","12/3/2026 15:30:00","FISIOTERAPIA","permisos/LUIS.pdf",,"174","7","3","163","3/2/2026 14:31:33","3","151","3/2/2026 14:31:33","3/2/2026 14:31:33","3/2/2026 14:31:33"
"225","3/2/2026","13/3/2026 14:45:00","13/3/2026 15:30:00","FISIOTERAPIA","permisos/LUIS.pdf",,"174","7","3","163","3/2/2026 14:33:25","3","151","3/2/2026 14:33:25","3/2/2026 14:33:25","3/2/2026 14:33:25"
"226","4/2/2026","5/2/2026 07:30:00","5/2/2026 15:30:00","ASUETO 2 DE ENERO 2026","permisos/doc03160220260204091302.pdf",,"174","2","3","165","4/2/2026 16:24:18","3","163","4/2/2026 16:24:18","4/2/2026 16:24:18","4/2/2026 16:24:18"
"227","4/2/2026","9/2/2026 07:30:00","9/2/2026 11:00:00","ASUNTOS PERSONALES ","permisos/doc03160120260204091232.pdf",,"91","1","3","18","4/2/2026 16:26:11","3","162","4/2/2026 16:26:11","4/2/2026 16:26:11","4/2/2026 16:26:11"
"228","4/2/2026","7/2/2026 18:00:00","8/2/2026 02:00:00","ASUETO 31 DICIEMBRE 2025","permisos/doc03159920260204091145.pdf",,"107","2","3","18","4/2/2026 16:28:17","3","162","4/2/2026 16:28:17","4/2/2026 16:28:17","4/2/2026 16:32:44"
"229","4/2/2026","8/2/2026 02:00:00","8/2/2026 07:30:00","ASUNTOS PERSONALES ","permisos/doc03160020260204091211.pdf",,"107","1","3","18","4/2/2026 16:30:00","3","162","4/2/2026 16:30:00","4/2/2026 16:30:00","4/2/2026 16:30:00"
"230","4/2/2026","7/2/2026 13:00:00","7/2/2026 20:30:00","ASUETO 25 DICIEMBRE/25","permisos/doc03159820260204091121.pdf",,"134","2","3","116","4/2/2026 16:36:03","3","151","4/2/2026 16:36:03","4/2/2026 16:36:03","4/2/2026 16:36:03"
"231","5/2/2026","29/1/2026 00:00:00","29/1/2026 07:30:00","ASUNTOS PERSONALES ","permisos/doc03160720260204134856.pdf",,"49","1","3","26","5/2/2026 14:26:57","3","162","5/2/2026 14:26:57","5/2/2026 14:26:57","5/2/2026 14:26:57"
"232","5/2/2026","10/1/2026 07:30:00","19/1/2026 00:00:00","VACACIONES DE DICIEMBRE","permisos/doc03160820260204134917.pdf",,"75","2","3","8","5/2/2026 14:29:33","3","162","5/2/2026 14:29:33","5/2/2026 14:29:33","5/2/2026 14:29:33"
"233","5/2/2026","20/2/2026 00:00:00","20/2/2026 07:30:00","ASUNTOS PERSONALES ","permisos/doc03160920260204134942.pdf",,"75","1","3","8","5/2/2026 14:32:39","3","162","5/2/2026 14:32:39","5/2/2026 14:32:39","5/2/2026 14:32:39"
"234","5/2/2026","8/2/2026 07:30:00","8/2/2026 10:30:00","ASUNTOS PERSONALES ","permisos/doc03161020260204135003.pdf",,"40","1","3","26","5/2/2026 14:36:37","3","162","5/2/2026 14:36:37","5/2/2026 14:36:37","5/2/2026 14:36:37"
"235","5/2/2026","9/2/2026 18:00:00","9/2/2026 00:00:00","ASUNTOS PERSONALES ","permisos/doc03161120260204135023.pdf",,"51","1","3","17","5/2/2026 14:44:38","3","162","5/2/2026 14:44:38","5/2/2026 14:44:38","5/2/2026 14:44:38"
"236","5/2/2026","10/2/2026 00:00:00","18/2/2026 07:30:00","VACACIONES DE DICIEMBRE","permisos/doc03161220260204135050.pdf",,"51","2","3","17","5/2/2026 14:46:43","3","162","5/2/2026 14:46:43","5/2/2026 14:46:43","5/2/2026 14:46:43"
"237","5/2/2026","10/2/2026 07:30:00","16/2/2026 00:00:00","VACACIONES DE DICIEMBRE","permisos/doc03161320260204135110.pdf",,"80","2","3","8","5/2/2026 14:51:07","3","162","5/2/2026 14:51:07","5/2/2026 14:51:07","5/2/2026 14:51:07"
"238","5/2/2026","16/2/2026 00:00:00","16/2/2026 07:30:00","ASUNTOS PERSONALES ","permisos/doc03161420260204135131.pdf",,"80","1","3","8","5/2/2026 14:52:49","3","162","5/2/2026 14:52:49","5/2/2026 14:52:49","5/2/2026 14:52:49"
"239","5/2/2026","8/2/2026 16:30:00","8/2/2026 00:00:00","FRACCIONADO 25 DICIEMBRE ","permisos/doc03162320260205090446.pdf",,"154","2","3","116","5/2/2026 15:05:56","3","151","5/2/2026 15:05:56","5/2/2026 15:05:56","5/2/2026 15:05:56"
"240","5/2/2026","9/2/2026 00:00:00","9/2/2026 07:30:00","ASUNTOS PERSONALES ","permisos/doc03162420260205090507.pdf",,"154","1","3","116","5/2/2026 15:07:58","3","151","5/2/2026 15:07:58","5/2/2026 15:07:58","5/2/2026 15:07:58"
"241","5/2/2026","6/2/2026 13:00:00","6/2/2026 15:30:00","ASUNTOS PERSONALES ","permisos/doc03162520260205090524.pdf",,"6","1","3","151","5/2/2026 15:10:22","3","151","5/2/2026 15:10:22","5/2/2026 15:10:22","5/2/2026 15:10:22"
"242","5/2/2026","8/2/2026 15:00:00","9/2/2026 07:30:00","ASUETO 25 DICIEMBRE ","permisos/doc03162620260205090544.pdf",,"149","2","3","153","5/2/2026 15:12:43","3","151","5/2/2026 15:12:43","5/2/2026 15:12:43","5/2/2026 15:12:43"
"243","9/2/2026","5/2/2026 07:30:00","5/2/2026 11:55:00","CITA","permisos/doc03168620260209111745.pdf",,"6","7","3","151","9/2/2026 19:46:52","3","151","9/2/2026 19:46:52","9/2/2026 19:46:52","9/2/2026 19:46:52"
"244","9/2/2026","6/2/2026 13:45:00","6/2/2026 17:00:00","POR HABER EXTRAS 19/1/2026","permisos/doc03168720260209111806.pdf",,"173","2","3","165","9/2/2026 19:49:44","3","163","9/2/2026 19:49:44","9/2/2026 19:49:44","9/2/2026 19:49:44"
"245","9/2/2026","9/2/2026 07:30:00","9/2/2026 15:30:00","EXTRAS 03, 4 Y 6 DE FEBRERO","permisos/doc03168820260209111829.pdf",,"188","2","3","184","9/2/2026 19:51:50","3","184","9/2/2026 19:51:50","9/2/2026 19:51:50","9/2/2026 19:51:50"
"246","11/2/2026","9/2/2026 00:00:00","9/2/2026 07:30:00","ASUNTOS PERSONALES ","permisos/doc03174620260211083248.pdf",,"20","1","3","26","11/2/2026 16:16:14","3","162","11/2/2026 16:16:14","11/2/2026 16:16:14","11/2/2026 16:16:14"
"247","11/2/2026","8/2/2026 07:30:00","8/2/2026 00:00:00","ASUETO 2 DE NOVIEMBRE 2025","permisos/doc03174720260211083309.pdf",,"20","2","3","26","11/2/2026 16:18:19","3","162","11/2/2026 16:18:19","11/2/2026 16:18:19","11/2/2026 16:18:19"
"248","11/2/2026","9/2/2026 07:30:00","9/2/2026 10:30:00","ASUNTOS PERSONALES ","permisos/doc03174820260211083328.pdf",,"94","1","3","26","11/2/2026 16:21:17","3","162","11/2/2026 16:21:17","11/2/2026 16:21:17","11/2/2026 16:21:17"
"249","11/2/2026","9/2/2026 15:00:00","9/2/2026 18:00:00","ASUNTOS PERSONALES ","permisos/doc03174920260211083348.pdf",,"61","1","3","18","11/2/2026 16:23:02","3","162","11/2/2026 16:23:02","11/2/2026 16:23:02","11/2/2026 16:23:02"
"250","11/2/2026","6/2/2026 05:30:00","6/2/2026 07:30:00","ASUNTOS PERSONALES ","permisos/doc03175020260211083408.pdf",,"37","1","3","17","11/2/2026 16:24:45","3","162","11/2/2026 16:24:45","11/2/2026 16:24:45","11/2/2026 16:24:45"
"251","11/2/2026","6/2/2026 17:00:00","6/2/2026 18:00:00","ASUNTOS PERSONALES ","permisos/doc03175120260211083426.pdf",,"81","1","3","26","11/2/2026 16:26:23","3","162","11/2/2026 16:26:23","11/2/2026 16:26:23","11/2/2026 16:26:23"
"252","11/2/2026","6/2/2026 17:00:00","6/2/2026 18:00:00","ASUNTOS PERSONALES ","permisos/doc03175220260211083446.pdf",,"78","1","3","26","11/2/2026 16:28:38","3","162","11/2/2026 16:28:38","11/2/2026 16:28:38","11/2/2026 16:28:38"
"253","11/2/2026","5/2/2026 06:15:00","5/2/2026 07:30:00","ASUNTOS PERSONALES ","permisos/doc03175320260211083505.pdf",,"52","1","3","26","11/2/2026 16:30:24","3","162","11/2/2026 16:30:24","11/2/2026 16:30:24","11/2/2026 16:30:24"
"254","11/2/2026","4/2/2026 18:00:00","4/2/2026 19:45:00","ASUNTOS PERSONALES ","permisos/doc03175420260211083523.pdf",,"60","1","3","26","11/2/2026 16:32:20","3","162","11/2/2026 16:32:20","11/2/2026 16:32:20","11/2/2026 16:32:20"
"255","11/2/2026","8/2/2026 16:00:00","8/2/2026 18:00:00","ASUNTOS PERSONALES ","permisos/doc03175520260211083542.pdf",,"35","1","3","26","11/2/2026 16:37:23","3","162","11/2/2026 16:37:23","11/2/2026 16:37:23","11/2/2026 16:37:23"
"256","11/2/2026","8/2/2026 17:00:00","8/2/2026 18:00:00","ASUNTOS PERSONALES ","permisos/doc03175620260211083601.pdf",,"37","1","3","26","11/2/2026 16:39:01","3","162","11/2/2026 16:39:01","11/2/2026 16:39:01","11/2/2026 16:39:01"
"257","11/2/2026","10/2/2026 02:00:00","10/2/2026 07:30:00","ASUNTOS PERSONALES ","permisos/doc03175720260211083620.pdf",,"39","1","3","18","11/2/2026 16:40:47","3","162","11/2/2026 16:40:47","11/2/2026 16:40:47","11/2/2026 16:40:47"
"258","11/2/2026","10/2/2026 02:00:00","10/2/2026 07:30:00","ASUNTOS PERSONALES ","permisos/doc03175820260211083639.pdf",,"44","1","3","18","11/2/2026 16:42:48","3","162","11/2/2026 16:42:48","11/2/2026 16:42:48","11/2/2026 16:42:48"
"259","11/2/2026","14/2/2026 14:00:00","15/2/2026 07:00:00","ASUNTOS PERSONALES ","permisos/doc03175920260211083700.pdf",,"181","1","3","184","11/2/2026 16:48:30","3","184","11/2/2026 16:48:30","11/2/2026 16:48:30","11/2/2026 16:48:30"
"260","11/2/2026","14/2/2026 07:00:00","14/2/2026 14:00:00","ASUETO 1 DE ENERO 2026","permisos/doc03176020260211083734.pdf",,"181","2","3","184","11/2/2026 16:50:31","3","184","11/2/2026 16:50:31","11/2/2026 16:50:31","11/2/2026 16:50:31"
"261","11/2/2026","11/2/2026 07:30:00","19/2/2026 18:00:00","VACACIONES DE DICIEMBRE","permisos/doc03176120260211083755.pdf",,"60","2","3","18","11/2/2026 16:53:22","3","162","11/2/2026 16:53:22","11/2/2026 16:53:22","11/2/2026 16:53:22"
"262","11/2/2026","9/2/2026 20:00:00","9/2/2026 21:00:00","FRACCIONADO  ASUETO 24/12/25","permisos/doc03176220260211083814.pdf",,"41","2","3","17","11/2/2026 16:55:33","3","162","11/2/2026 16:55:33","11/2/2026 16:55:33","11/2/2026 16:55:33"
"263","11/2/2026","9/2/2026 07:30:00","10/2/2026 07:30:00","TURNO DE  OFICIAL SSPU 28/12/25","permisos/doc03176320260211083832.pdf",,"17","2","3","162","11/2/2026 16:57:42","3","162","11/2/2026 16:57:42","11/2/2026 16:57:42","11/2/2026 16:57:42"
"264","11/2/2026","10/2/2026 18:00:00","10/2/2026 23:59:00","CUMPLEAÑOS","permisos/doc03176420260211083853.pdf",,"103","3","3","17","11/2/2026 16:59:22","3","162","11/2/2026 16:59:22","11/2/2026 16:59:22","11/2/2026 16:59:22"
"265","11/2/2026","11/2/2026 00:00:00","11/2/2026 07:30:00","ASUNTOS PERSONALES ","permisos/doc03176520260211083916.pdf",,"103","1","3","17","11/2/2026 17:00:53","3","162","11/2/2026 17:00:53","11/2/2026 17:00:53","11/2/2026 17:00:53"
"266","11/2/2026","15/2/2026 18:00:00","15/2/2026 23:59:00","CUMPLEAÑOS","permisos/doc03176620260211083938.pdf",,"79","3","3","26","11/2/2026 17:02:37","3","162","11/2/2026 17:02:37","11/2/2026 17:02:37","11/2/2026 17:02:37"
"267","11/2/2026","16/2/2026 00:00:00","16/2/2026 07:30:00","ASUNTOS PERSONALES ","permisos/doc03176720260211084003.pdf",,"79","1","3","26","11/2/2026 17:04:10","3","162","11/2/2026 17:04:10","11/2/2026 17:04:10","11/2/2026 17:04:10"
"268","11/2/2026","4/2/2026 04:30:00","4/2/2026 07:30:00","ASUNTOS PERSONALES ","permisos/doc03176820260211084021.pdf",,"8","1","3","162","11/2/2026 17:05:39","3","162","11/2/2026 17:05:39","11/2/2026 17:05:39","11/2/2026 17:05:39"
"269","11/2/2026","12/2/2026 07:03:00","18/2/2026 07:30:00","VACACIONES DE DICIEMBRE, 26,27,28,30,31  Y 1 ENERO","permisos/doc03176920260211084040.pdf",,"41","2","3","26","11/2/2026 17:08:08","3","162","11/2/2026 17:08:08","11/2/2026 17:08:08","11/2/2026 17:08:08"
"270","11/2/2026","11/2/2026 07:00:00","11/2/2026 15:00:00","ASUETO 24 DICIEMBRE","permisos/doc03177020260211084058.pdf",,"105","2","3","18","11/2/2026 17:09:47","3","162","11/2/2026 17:09:47","11/2/2026 17:09:47","11/2/2026 17:09:47"
"271","11/2/2026","15/2/2026 07:30:00","17/2/2026 07:30:00","VACACIONES DE DICIEMBRE","permisos/doc03177120260211084121.pdf",,"52","2","3","162","11/2/2026 17:11:37","3","162","11/2/2026 17:11:37","11/2/2026 17:11:37","11/2/2026 17:11:37"
"272","11/2/2026","12/2/2026 07:30:00","12/2/2026 15:30:00","ASUNTOS PERSONALES ","permisos/doc03177720260211141944.pdf",,"161","1","3","1","11/2/2026 20:20:38","3","1","11/2/2026 20:20:38","11/2/2026 20:20:38","11/2/2026 20:20:38"
"273","13/2/2026","9/2/2026 08:00:00","9/2/2026 13:25:00","CITA","permisos/doc03183320260213091433.pdf",,"163","7","3","151","13/2/2026 19:49:54","3","151","13/2/2026 19:49:54","13/2/2026 19:49:54","13/2/2026 19:49:54"
"274","13/2/2026","11/2/2026 08:00:00","11/2/2026 09:00:00","ASUNTOS PERSONALES ","permisos/doc03183420260213091452.pdf",,"163","1","3","151","13/2/2026 19:51:14","3","151","13/2/2026 19:51:14","13/2/2026 19:51:14","13/2/2026 19:51:14"
"275","13/2/2026","8/2/2026 07:30:00","8/2/2026 11:30:00","REUION DE TRABAJO 3/2/2026","permisos/doc03183520260213091511.pdf",,"153","2","3","151","13/2/2026 19:53:04","3","151","13/2/2026 19:53:04","13/2/2026 19:53:04","13/2/2026 19:53:04"
"276","13/2/2026","10/2/2026 07:30:00","10/2/2026 14:30:00","ASUETO 15 SEPTIEMBRE","permisos/doc03183620260213091533.pdf",,"125","2","3","151","13/2/2026 19:54:46","3","151","13/2/2026 19:54:46","13/2/2026 19:54:46","13/2/2026 19:54:46"
"277","13/2/2026","11/2/2026 14:30:00","11/2/2026 18:30:00","ASUNTOS PERSONALES ","permisos/doc03183720260213091553.pdf",,"125","1","3","151","13/2/2026 19:56:36","3","151","13/2/2026 19:56:36","13/2/2026 19:56:36","13/2/2026 19:56:36"
"278","13/2/2026","15/2/2026 00:00:00","15/2/2026 07:30:00","ASUETO 1 ENERO 2026","permisos/doc03183820260213091639.pdf",,"118","2","3","151","13/2/2026 19:58:08","3","151","13/2/2026 19:58:08","13/2/2026 19:58:08","13/2/2026 19:58:08"
"279","13/2/2026","14/2/2026 17:00:00","14/2/2026 00:00:00","ASUNTOS PERSONALES ","permisos/doc03183920260213091709.pdf",,"118","1","3","151","13/2/2026 19:59:51","3","151","13/2/2026 19:59:51","13/2/2026 19:59:51","13/2/2026 19:59:51"
"280","13/2/2026","11/2/2026 15:00:00","11/2/2026 18:00:00","CITA","permisos/doc03184020260213091734.pdf",,"54","7","3","17","13/2/2026 20:01:38","3","162","13/2/2026 20:01:38","13/2/2026 20:01:38","13/2/2026 20:01:38"
"281","13/2/2026","12/2/2026 12:00:00","12/2/2026 18:00:00","ASUNTOS PERSONALES ","permisos/doc03184320260213091833.pdf",,"102","1","3","17","13/2/2026 20:04:50","3","162","13/2/2026 20:04:50","13/2/2026 20:04:50","13/2/2026 20:04:50"
"282","13/2/2026","10/2/2026 00:00:00","10/2/2026 07:30:00","ASUNTOS PERSONALES ","permisos/doc03184220260213091815.pdf",,"43","1","3","17","13/2/2026 20:06:36","3","162","13/2/2026 20:06:36","13/2/2026 20:06:36","13/2/2026 20:06:36"
"283","13/2/2026","12/2/2026 08:00:00","12/2/2026 16:00:00","ASUETO  1 DE ENERO/26","permisos/doc03184420260213091856.pdf",,"106","2","3","17","13/2/2026 20:28:33","3","162","13/2/2026 20:28:33","13/2/2026 20:28:33","13/2/2026 20:28:33"
"284","13/2/2026","15/2/2026 07:00:00","16/2/2026 07:00:00","ASUNTOS PERSONALES ","permisos/doc03185620260213141754.pdf",,"178","1","3","184","13/2/2026 20:30:09","3","184","13/2/2026 20:30:09","13/2/2026 20:30:09","13/2/2026 20:30:09"
"285","16/2/2026","12/2/2026 13:00:00","12/2/2026 15:30:00","trabajo  extras 9 y 12 enero /26","permisos/doc03187620260216101633.pdf",,"159","2","3","151","16/2/2026 19:35:11","3","151","16/2/2026 19:35:11","16/2/2026 19:35:11","16/2/2026 19:35:11"
"286","16/2/2026","17/2/2026 07:30:00","18/2/2026 07:30:00","asueto 25 dicembre  y 1 enero 2026","permisos/doc03187720260216101658.pdf",,"148","2","3","116","16/2/2026 19:39:58","3","151","16/2/2026 19:39:58","16/2/2026 19:39:58","16/2/2026 19:39:58"
"287","16/2/2026","12/2/2026 06:30:00","12/2/2026 07:30:00","ASUNTOS PERSONALES ","permisos/doc03187820260216101718.pdf",,"79","1","3","17","16/2/2026 19:43:12","3","162","16/2/2026 19:43:12","16/2/2026 19:43:12","16/2/2026 19:50:53"
"288","16/2/2026","13/2/2026 16:30:00","13/2/2026 18:00:00","ASUNTOS PERSONALES ","permisos/doc03187920260216101737.pdf",,"94","1","3","26","16/2/2026 19:45:09","3","162","16/2/2026 19:45:09","16/2/2026 19:45:09","16/2/2026 19:48:42"
"289","16/2/2026","23/2/2026 00:00:00","23/2/2026 07:00:00","ASUETO 2 DE NOVIEMBRE 2025","permisos/doc03188020260216101800.pdf",,"28","2","3","26","16/2/2026 19:47:10","3","162","16/2/2026 19:47:10","16/2/2026 19:47:10","16/2/2026 19:47:10"
"290","16/2/2026","22/2/2026 07:30:00","23/2/2026 00:30:00","ASUETO 25 DICIEMBRE ","permisos/doc03188120260216101820.pdf",,"28","2","3","26","16/2/2026 19:56:56","3","162","16/2/2026 19:56:56","16/2/2026 19:56:56","16/2/2026 19:56:56"
"291","16/2/2026","25/2/2026 07:30:00","25/2/2026 18:00:00","CUMPLEAÑOS","permisos/doc03188220260216101843.pdf",,"93","3","3","26","16/2/2026 19:59:43","3","162","16/2/2026 19:59:43","16/2/2026 19:59:43","16/2/2026 19:59:43"
"292","17/2/2026","17/2/2026 07:30:00","17/2/2026 15:30:00","ASUNTOS PERSONALES ","permisos/doc03190820260217085611.pdf",,"174","1","3","163","17/2/2026 16:25:31","3","163","17/2/2026 16:25:31","17/2/2026 16:25:31","17/2/2026 16:25:31"
"293","17/2/2026","22/2/2026 07:30:00","22/2/2026 18:00:00","ASUNTOS PERSONALES ","permisos/doc03192020260217090055.pdf",,"80","1","3","26","17/2/2026 17:21:36","3","162","17/2/2026 17:21:36","17/2/2026 17:21:36","17/2/2026 17:21:36"
"294","18/2/2026","18/2/2026 10:00:00","18/2/2026 20:00:00","ASUETO 25 DICIEMBRE ","permisos/doc03190620260217085525.pdf",,"164","2","3","163","18/2/2026 14:22:21","3","163","18/2/2026 14:22:21","18/2/2026 14:22:21","18/2/2026 14:22:21"
"295","18/2/2026","19/2/2026 13:00:00","19/2/2026 17:00:00","EXTRAS 19 ENERO 2026","permisos/doc03190720260217085549.pdf",,"165","2","3","163","18/2/2026 14:23:57","3","163","18/2/2026 14:23:57","18/2/2026 14:23:57","18/2/2026 14:23:57"
"296","18/2/2026","17/2/2026 12:00:00","17/2/2026 15:30:00","ASUNTOS PERSONALES ","permisos/doc03190920260217085634.pdf",,"176","1","3","165","18/2/2026 14:25:56","3","163","18/2/2026 14:25:56","18/2/2026 14:25:56","18/2/2026 14:25:56"
"297","18/2/2026","18/2/2026 08:00:00","18/2/2026 14:30:00","EXTRAS DEL 19/1/2026","permisos/doc03191020260217085657.pdf",,"167","2","3","165","18/2/2026 14:27:45","3","163","18/2/2026 14:27:45","18/2/2026 14:27:45","18/2/2026 14:27:45"
"298","18/2/2026","18/2/2026 14:30:00","18/2/2026 17:00:00","ASUNTOS PERSONALES ","permisos/doc03191120260217085719.pdf",,"167","1","3","165","18/2/2026 14:29:36","3","163","18/2/2026 14:29:36","18/2/2026 14:29:36","18/2/2026 14:29:36"
"299","18/2/2026","17/2/2026 07:30:00","18/2/2026 07:30:00","OFICIALIA 14 Y 15 FEBRERO ","permisos/doc03191220260217085741.pdf",,"26","2","3","162","18/2/2026 14:31:34","3","162","18/2/2026 14:31:34","18/2/2026 14:31:34","18/2/2026 14:31:34"
"300","18/2/2026","15/2/2026 17:00:00","15/2/2026 18:00:00","ASUNTOS PERSONALES ","permisos/doc03191320260217085804.pdf",,"111","1","3","162","18/2/2026 14:34:50","3","162","18/2/2026 14:34:50","18/2/2026 14:34:50","18/2/2026 14:34:50"
"301","18/2/2026","21/2/2026 18:00:00","21/2/2026 23:59:00","ASUNTOS PERSONALES ","permisos/doc03191420260217085829.pdf",,"47","1","3","17","18/2/2026 14:36:35","3","162","18/2/2026 14:36:35","18/2/2026 14:36:35","18/2/2026 14:36:35"
"302","18/2/2026","22/2/2026 17:30:00","3/3/2026 23:59:00","VACACIONES DE DICIEMBRE","permisos/doc03191620260217085913.pdf",,"78","2","3","26","18/2/2026 14:43:45","3","162","18/2/2026 14:43:45","18/2/2026 14:43:45","18/2/2026 14:43:45"
"303","18/2/2026","4/3/2026 00:00:00","4/3/2026 07:30:00","ASUNTOS PERSONALES ","permisos/doc03191720260217085940.pdf",,"78","1","3","26","18/2/2026 14:51:35","3","26","18/2/2026 14:51:35","18/2/2026 14:51:35","18/2/2026 14:51:35"
"304","18/2/2026","22/2/2026 17:30:00","3/3/2026 23:59:00","VACACIONES DE DICIEMBRE","permisos/doc03191820260217090003.pdf",,"71","2","3","26","18/2/2026 14:53:56","3","162","18/2/2026 14:53:56","18/2/2026 14:53:56","18/2/2026 14:53:56"
"305","18/2/2026","4/3/2026 00:00:00","4/3/2026 07:30:00","ASUNTOS PERSONALES ","permisos/doc03191920260217090033.pdf",,"71","1","3","26","18/2/2026 14:58:50","3","162","18/2/2026 14:58:50","18/2/2026 14:58:50","18/2/2026 14:58:50"
"306","18/2/2026","16/3/2026 05:30:00","16/3/2026 07:30:00","CITA","permisos/doc03192120260217090120.pdf",,"71","7","3","26","18/2/2026 15:01:36","3","162","18/2/2026 15:01:36","18/2/2026 15:01:36","18/2/2026 15:01:36"
"307","18/2/2026","14/3/2026 06:00:00","14/3/2026 07:30:00","ASUNTOS PERSONALES ","permisos/doc03192220260217090143.pdf",,"50","1","3","26","18/2/2026 15:03:12","3","162","18/2/2026 15:03:12","18/2/2026 15:03:12","18/2/2026 15:03:12"
"308","18/2/2026","14/3/2026 06:00:00","14/3/2026 07:30:00","ASUNTOS PERSONALES ","permisos/doc03192320260217090205.pdf",,"49","1","3","26","18/2/2026 15:04:44","3","162","18/2/2026 15:04:44","18/2/2026 15:04:44","18/2/2026 15:04:44"
"309","18/2/2026","20/3/2026 16:00:00","20/3/2026 23:59:00","ASUNTOS PERSONALES ","permisos/doc03192420260217090230.pdf",,"68","1","3","17","18/2/2026 15:06:28","3","162","18/2/2026 15:06:28","18/2/2026 15:06:28","18/2/2026 15:06:28"
"310","18/2/2026","21/3/2026 00:00:00","21/3/2026 07:30:00","CUMPLEAÑOS","permisos/doc03192520260217090259.pdf",,"68","3","3","17","18/2/2026 15:09:14","3","162","18/2/2026 15:09:14","18/2/2026 15:09:14","18/2/2026 15:09:14"
"311","18/2/2026","22/2/2026 18:00:00","1/3/2026 18:00:00","VACACIONES DE DICIEMBRE","permisos/doc03192620260217090324.pdf",,"94","2","3","26","18/2/2026 15:11:21","3","162","18/2/2026 15:11:21","18/2/2026 15:11:21","18/2/2026 15:11:21"
"312","18/2/2026","26/2/2026 18:00:00","3/3/2026 07:30:00","VACACIONES DE DICIEMBRE","permisos/doc03192720260217090347.pdf",,"93","2","3","26","18/2/2026 15:13:18","3","162","18/2/2026 15:13:18","18/2/2026 15:13:18","18/2/2026 15:13:18"
"313","18/2/2026","21/2/2026 00:00:00","23/3/2026 07:30:00","VACACIONES DE DICIEMBRE","permisos/doc03192820260217090416.pdf",,"93","2","3","26","18/2/2026 15:15:33","3","162","18/2/2026 15:15:33","18/2/2026 15:15:33","18/2/2026 15:15:33"
"314","18/2/2026","23/2/2026 07:30:00","3/3/2026 18:00:00","VACACIONES DE DICIEMBRE","permisos/doc03192920260217090442.pdf",,"55","2","3","17","18/2/2026 15:19:00","3","162","18/2/2026 15:19:00","18/2/2026 15:19:00","18/2/2026 15:19:00"
"315","18/2/2026","21/2/2026 00:00:00","21/2/2026 07:30:00","ASUETO 25 DICIEMBRE ","permisos/doc03195120260217101930.pdf",,"129","2","3","17","18/2/2026 15:22:57","3","162","18/2/2026 15:22:57","18/2/2026 15:22:57","18/2/2026 15:22:57"
"316","18/2/2026","17/2/2026 13:00:00","17/2/2026 15:30:00","EXTRAS 9 Y 12 ENERO 2026","permisos/doc03195220260217102002.pdf","RESTAN 1;30 HRS ","157","2","3","159","18/2/2026 15:25:06","3","151","18/2/2026 15:25:06","18/2/2026 15:25:06","18/2/2026 15:25:06"
"317","18/2/2026","20/2/2026 07:30:00","20/2/2026 19:30:00","ASUNTOS PERSONALES ","permisos/doc03195320260217102020.pdf",,"129","1","3","151","18/2/2026 15:29:30","3","151","18/2/2026 15:29:30","18/2/2026 15:29:30","18/2/2026 15:29:30"
"318","18/2/2026","19/2/2026 07:30:00","19/2/2026 15:30:00","EXTRAS 15/10/25, 5/11/2025, 7/11/2025, 16/12/2025","permisos/doc03195420260217102038.pdf",,"182","2","3","184","18/2/2026 15:31:47","3","184","18/2/2026 15:31:47","18/2/2026 15:31:47","18/2/2026 15:31:47"
"319","18/2/2026","17/2/2026 08:00:00","17/2/2026 11:36:00","CITA","permisos/doc03198320260218141658.pdf",,"163","7","3","151","18/2/2026 20:42:16","3","151","18/2/2026 20:42:16","18/2/2026 20:42:16","18/2/2026 20:42:16"
"320","19/2/2026","22/2/2026 00:00:00","2/3/2026 07:30:00","VACACIONES DE DICIEMBRE","permisos/doc03200020260219081636.pdf",,"47","2","3","17","19/2/2026 14:43:04","3","162","19/2/2026 14:43:04","19/2/2026 14:43:04","19/2/2026 14:43:04"
"321","19/2/2026","17/2/2026 14:30:00","17/3/2026 17:06:00","CITA","permisos/doc03200120260219081659.pdf",,"31","7","3","17","19/2/2026 14:45:13","3","162","19/2/2026 14:45:13","19/2/2026 14:45:13","19/2/2026 14:45:13"
"322","19/2/2026","24/2/2026 08:00:00","24/3/2026 17:00:00","ASUETO 25 DICIEMBRE ","permisos/doc03200220260219081726.pdf",,"162","2","3","1","19/2/2026 14:47:01","3","1","19/2/2026 14:47:01","19/2/2026 14:47:01","19/2/2026 14:47:01"
"323","19/2/2026","22/2/2026 07:30:00","22/3/2026 15:30:00","ASUETO 1 DE ENERO 2026","permisos/doc03200320260219081754.pdf",,"107","2","3","27","19/2/2026 14:48:56","3","162","19/2/2026 14:48:56","19/2/2026 14:48:56","19/2/2026 14:48:56"
"324","19/2/2026","22/2/2026 15:30:00","22/3/2026 18:00:00","ASUNTOS PERSONALES ","permisos/doc03200420260219081819.pdf",,"107","1","3","27","19/2/2026 14:50:19","3","162","19/2/2026 14:50:19","19/2/2026 14:50:19","19/2/2026 14:50:19"
"325","19/2/2026","23/2/2026 00:00:00","23/3/2026 10:00:00","ASUETO 1 DE ENERO 2026","permisos/doc03200520260219081854.pdf",,"171","2","3","163","19/2/2026 14:51:51","3","163","19/2/2026 14:51:51","19/2/2026 14:51:51","19/2/2026 14:51:51"
"326","19/2/2026","22/2/2026 10:00:00","22/3/2026 23:59:00","ASUETO 25 DICIEMBRE ","permisos/doc03200620260219081917.pdf",,"171","2","3","163","19/2/2026 14:53:29","3","163","19/2/2026 14:53:29","19/2/2026 14:53:29","19/2/2026 14:53:29"
"327","20/2/2026","20/2/2026 14:30:00","21/2/2026 07:30:00","ASUETO 1 DE ENERO ","permisos/doc03203120260220090919.pdf",,"144","15","3","128","20/2/2026 16:06:52","3","151","20/2/2026 16:06:52","20/2/2026 16:06:52","20/2/2026 16:06:52"
"328","20/2/2026","20/2/2026 13:00:00","20/2/2026 15:30:00","CITA","permisos/doc03203220260220090943.pdf",,"175","7","3","165","20/2/2026 16:08:26","3","163","20/2/2026 16:08:26","20/2/2026 16:08:26","20/2/2026 16:08:26"
"329","20/2/2026","26/2/2026 14:30:00","27/2/2026 07:30:00","ASUETO 25 DICIEMBRE ","permisos/doc03203320260220091004.pdf",,"147","2","3","116","20/2/2026 16:10:27","3","151","20/2/2026 16:10:27","20/2/2026 16:10:27","20/2/2026 16:10:27"
"330","23/2/2026","20/2/2026 07:00:00","20/2/2026 23:30:00","ASUNTOS PERSONALES ","permisos/doc03206220260223082645.pdf",,"129","1","3","116","23/2/2026 15:02:50","3","151","23/2/2026 15:02:50","23/2/2026 15:02:50","23/2/2026 15:02:50"
"331","23/2/2026","22/2/2026 07:30:00","22/2/2026 10:00:00","EXTRAS DEL 18/2/2026","permisos/doc03206320260223082705.pdf",,"154","2","3","151","23/2/2026 15:04:27","3","151","23/2/2026 15:04:27","23/2/2026 15:04:27","23/2/2026 15:04:27"
"332","23/2/2026","19/2/2026 13:30:00","19/2/2026 15:30:00","EXTRAS DEL 27/1/2026","permisos/doc03206420260223082730.pdf",,"5","2","3","151","23/2/2026 15:06:17","3","151","23/2/2026 15:06:17","23/2/2026 15:06:17","23/2/2026 15:06:17"
"333","23/2/2026","20/2/2026 16:00:00","20/2/2026 23:59:00","ASUNTOS PERSONALES ","permisos/doc03206520260223082753.pdf",,"137","1","3","151","23/2/2026 15:08:27","3","151","23/2/2026 15:08:27","23/2/2026 15:08:27","23/2/2026 15:08:27"
"334","23/2/2026","21/2/2026 00:00:00","21/2/2026 07:00:00","ASUETO 25 DICIEMBRE ","permisos/doc03206620260223082818.pdf",,"137","2","3","151","23/2/2026 15:11:30","3","151","23/2/2026 15:11:30","23/2/2026 15:11:30","23/2/2026 15:11:30"
"335","24/2/2026","24/2/2026 03:00:00","24/2/2026 07:30:00","asueto 1 de enero 2026","permisos/doc03209920260224130522.pdf",,"119","2","3","151","24/2/2026 19:10:39","3","151","24/2/2026 19:10:39","24/2/2026 19:10:39","24/2/2026 19:10:39"
"336","24/2/2026","24/2/2026 07:30:00","24/2/2026 15:30:00","CUMPLEAÑOS","permisos/doc03210020260224130542.pdf",,"5","3","3","151","24/2/2026 19:12:04","3","151","24/2/2026 19:12:04","24/2/2026 19:12:04","24/2/2026 19:12:04"
"337","24/2/2026","25/2/2026 07:30:00","25/2/2026 15:30:00","ASUNTOS PERSONALES ","permisos/doc03210120260224130603.pdf",,"5","1","3","151","24/2/2026 19:13:22","3","151","24/2/2026 19:13:22","24/2/2026 19:13:22","24/2/2026 19:13:22"
"338","25/2/2026","27/2/2026 07:30:00","27/2/2026 15:30:00","ASUNTOS PERSONALES ","permisos/doc03211320260225084719.pdf",,"175","1","3","165","25/2/2026 15:03:20","3","163","25/2/2026 15:03:20","25/2/2026 15:03:20","25/2/2026 15:03:20"
"339","25/2/2026","23/2/2026 15:00:00","23/2/2026 15:30:00","retirar medicamento","permisos/doc03211420260225084739.pdf",,"4","7","3","1","25/2/2026 15:05:02","3","1","25/2/2026 15:05:02","25/2/2026 15:05:02","25/2/2026 15:05:02"
"340","25/2/2026","6/3/2026 18:00:00","15/2/2026 07:30:00","VACACIONES DE DICIEMBRE","permisos/doc03212220260225111522.pdf",,"61","2","3","17","25/2/2026 20:16:56","3","162","25/2/2026 20:16:56","25/2/2026 20:16:56","25/2/2026 20:16:56"
"341","25/2/2026","6/3/2026 00:00:00","14/3/2026 07:30:00","VACACIONES DE DICIEMBRE","permisos/doc03212320260225111548.pdf",,"102","2","3","26","25/2/2026 20:19:22","3","162","25/2/2026 20:19:22","25/2/2026 20:19:22","25/2/2026 20:19:22"
"342","25/2/2026","5/3/2026 18:00:00","5/3/2026 23:59:00","ASUNTOS PERSONALES ","permisos/doc03212420260225111608.pdf",,"102","1","3","26","25/2/2026 20:21:02","3","162","25/2/2026 20:21:02","25/2/2026 20:21:02","25/2/2026 20:21:02"
"343","25/2/2026","19/3/2026 07:30:00","19/3/2026 18:00:00","asueto 2 de enero 2026","permisos/doc03212520260225111718.pdf",,"55","2","3","17","25/2/2026 20:23:51","3","162","25/2/2026 20:23:51","25/2/2026 20:23:51","25/2/2026 20:23:51"
"344","25/2/2026","23/3/2026 07:30:00","1/3/2026 07:30:00","VACACIONES DE DICIEMBRE","permisos/doc03212620260225111741.pdf",,"55","2","3","17","25/2/2026 20:26:08","3","162","25/2/2026 20:26:08","25/2/2026 20:26:08","25/2/2026 20:26:08"
"345","25/2/2026","28/2/2026 18:00:00","28/3/2026 23:59:00","CUMPLEAÑOS","permisos/doc03212720260225111805.pdf",,"52","3","3","17","25/2/2026 20:30:21","3","162","25/2/2026 20:30:21","25/2/2026 20:30:21","25/2/2026 20:30:21"
"346","25/2/2026","1/3/2026 00:00:00","1/3/2026 07:30:00","ASUNTOS PERSONALES ","permisos/doc03212820260225111837.pdf",,"52","1","3","17","25/2/2026 20:32:38","3","162","25/2/2026 20:32:38","25/2/2026 20:32:38","25/2/2026 20:32:38"
"347","25/2/2026","23/3/2026 07:30:00","23/3/2026 09:50:00","CITA","permisos/doc03212920260225111905.pdf",,"12","7","3","17","25/2/2026 20:34:38","3","162","25/2/2026 20:34:38","25/2/2026 20:34:38","25/2/2026 20:34:38"
"348","25/2/2026","24/2/2026 18:00:00","3/3/2026 18:00:00","VACACIONES DE DICIEMBRE","permisos/doc03213020260225111930.pdf",,"62","2","3","17","25/2/2026 20:38:06","3","162","25/2/2026 20:38:06","25/2/2026 20:38:06","25/2/2026 20:38:06"
"349","25/2/2026","24/2/2026 08:00:00","24/3/2026 16:00:00","ASUNTOS PERSONALES ","permisos/doc03213120260225112038.pdf",,"106","1","3","78","25/2/2026 20:41:33","3","162","25/2/2026 20:41:33","25/2/2026 20:41:33","25/2/2026 20:41:33"
"350","26/2/2026","24/2/2026 07:30:00","26/2/2026 07:30:00","VACACIONES DE DICIEMBRE","permisos/doc03213320260225112138.pdf",,"49","2","3","17","26/2/2026 14:11:22","3","162","26/2/2026 14:11:22","26/2/2026 14:11:22","26/2/2026 14:11:22"
"351","26/2/2026","22/2/2026 04:30:00","22/2/2026 07:30:00","ASUNTOS PERSONALES ","permisos/doc03213420260225112158.pdf",,"49","1","3","17","26/2/2026 14:13:46","3","162","26/2/2026 14:13:46","26/2/2026 14:13:46","26/2/2026 14:13:46"
"352","26/2/2026","21/2/2026 18:00:00","22/2/2026 04:30:00","fraccionado  asueto vacaciones diciembre ","permisos/doc03213520260225112218.pdf",,"49","2","3","17","26/2/2026 14:16:37","3","162","26/2/2026 14:16:37","26/2/2026 14:16:37","26/2/2026 14:16:37"
"353","26/2/2026","21/2/2026 07:30:00","21/2/2026 23:59:00","CUMPLEAÑOS","permisos/doc03213620260225112246.pdf",,"15","3","3","17","26/2/2026 14:27:27","3","162","26/2/2026 14:27:27","26/2/2026 14:27:27","26/2/2026 14:27:27"
"354","26/2/2026","22/2/2026 00:00:00","22/2/2026 07:30:00","ASUNTOS PERSONALES ","permisos/doc03213720260225112314.pdf",,"15","1","3","17","26/2/2026 14:29:12","3","162","26/2/2026 14:29:12","26/2/2026 14:29:12","26/2/2026 14:29:12"
"355","26/2/2026","19/2/2026 15:00:00","19/2/2026 18:00:00","CITA","permisos/doc03213820260225112335.pdf",,"54","7","3","17","26/2/2026 14:31:18","3","162","26/2/2026 14:31:18","26/2/2026 14:31:18","26/2/2026 14:31:18"
"356","26/2/2026","19/2/2026 00:00:00","20/2/2026 00:00:00","enfermedad del hijo","permisos/doc03214020260225112416.pdf",,"106","8","3","17","26/2/2026 14:33:43","3","162","26/2/2026 14:33:43","26/2/2026 14:33:43","26/2/2026 14:33:43"
"357","26/2/2026","9/3/2026 18:00:00","9/3/2026 23:59:00","ASUNTOS PERSONALES ","permisos/doc03214120260225112439.pdf",,"37","1","3","26","26/2/2026 14:35:46","3","162","26/2/2026 14:35:46","26/2/2026 14:35:46","26/2/2026 14:35:46"
"358","26/2/2026","10/3/2026 00:00:00","14/3/2026 07:30:00","VACACIONES DE DICIEMBRE","permisos/doc03214220260225112458.pdf",,"37","2","3","26","26/2/2026 14:37:56","3","162","26/2/2026 14:37:56","26/2/2026 14:37:56","26/2/2026 14:37:56"
"359","26/2/2026","21/2/2026 06:30:00","21/3/2026 07:30:00","ASUNTOS PERSONALES ","permisos/doc03214320260225112519.pdf",,"24","1","3","17","26/2/2026 14:40:39","3","162","26/2/2026 14:40:39","26/2/2026 14:40:39","26/2/2026 14:40:39"
"360","26/2/2026","20/2/2026 15:00:00","20/2/2026 18:00:00","ASUNTOS PERSONALES ","permisos/doc03214420260225112538.pdf",,"39","1","3","17","26/2/2026 14:45:48","3","162","26/2/2026 14:45:48","26/2/2026 14:45:48","26/2/2026 14:45:48"
"361","26/2/2026","20/2/2026 15:00:00","20/2/2026 18:00:00","ASUNTOS PERSONALES ","permisos/doc03214520260225112558.pdf",,"44","1","3","17","26/2/2026 14:47:56","3","162","26/2/2026 14:47:56","26/2/2026 14:47:56","26/2/2026 14:47:56"
"362","26/2/2026","26/2/2026 07:30:00","26/2/2026 09:00:00","ASUNTOS PERSONALES ","permisos/doc03214620260225112616.pdf",,"72","1","3","26","26/2/2026 14:52:09","3","162","26/2/2026 14:52:09","26/2/2026 14:52:09","26/2/2026 14:52:09"
"363","26/2/2026","23/2/2026 09:00:00","23/2/2026 13:00:00","ASUNTOS PERSONALES ","permisos/doc03214720260225112635.pdf",,"111","1","3","17","26/2/2026 14:54:17","3","162","26/2/2026 14:54:17","26/2/2026 14:54:17","26/2/2026 14:54:17"
"364","26/2/2026","28/2/2026 16:00:00","28/2/2026 23:59:00","ASUNTOS PERSONALES ","permisos/doc03214820260225112655.pdf",,"12","1","3","17","26/2/2026 14:56:40","3","162","26/2/2026 14:56:40","26/2/2026 14:56:40","26/2/2026 14:56:40"
"365","26/2/2026","21/2/2026 14:00:00","21/2/2026 18:00:00","ASUNTOS PERSONALES ","permisos/doc03214920260225112716.pdf",,"94","1","3","17","26/2/2026 14:58:01","3","162","26/2/2026 14:58:01","26/2/2026 14:58:01","26/2/2026 14:58:01"
"366","26/2/2026","18/2/2026 07:30:00","18/2/2026 18:00:00","ASUNTOS PERSONALES ","permisos/doc03215020260225112733.pdf",,"83","1","3","17","26/2/2026 14:59:50","3","162","26/2/2026 14:59:50","26/2/2026 14:59:50","26/2/2026 14:59:50"
"367","26/2/2026","23/2/2026 04:00:00","23/2/2026 07:30:00","ASUNTOS PERSONALES ","permisos/doc03215120260225112750.pdf",,"101","1","3","26","26/2/2026 15:02:18","3","162","26/2/2026 15:02:18","26/2/2026 15:02:18","26/2/2026 15:02:18"
"368","26/2/2026","24/2/2026 15:00:00","24/2/2026 18:00:00","ASUNTOS PERSONALES ","permisos/doc03215220260225112809.pdf",,"102","1","3","26","26/2/2026 15:04:01","3","162","26/2/2026 15:04:01","26/2/2026 15:04:01","26/2/2026 15:04:01"
"369","26/2/2026","19/2/2026 08:00:00","19/2/2026 09:00:00","ASUNTOS PERSONALES ","permisos/doc03215320260225112828.pdf",,"108","1","3","162","26/2/2026 15:06:01","3","162","26/2/2026 15:06:01","26/2/2026 15:06:01","26/2/2026 15:06:01"
"370","26/2/2026","17/2/2026 13:30:00","17/2/2026 16:30:00","ASUNTOS PERSONALES ","permisos/doc03215420260225112847.pdf",,"36","1","3","17","26/2/2026 15:07:43","3","162","26/2/2026 15:07:43","26/2/2026 15:07:43","26/2/2026 15:07:43"
"371","26/2/2026","23/2/2026 08:00:00","23/2/2026 12:00:00","CITA","permisos/doc03215520260225112907.pdf",,"106","7","3","162","26/2/2026 15:09:29","3","162","26/2/2026 15:09:29","26/2/2026 15:09:29","26/2/2026 15:09:29"
"372","26/2/2026","19/2/2026 08:00:00","19/2/2026 17:00:00","ASUETO 2 DE NOVIEMBRE 2025","permisos/doc03217520260226092132.pdf",,"162","2","3","1","26/2/2026 15:31:44","3","1","26/2/2026 15:31:44","26/2/2026 15:31:44","26/2/2026 15:31:44"
"373","26/2/2026","27/2/2026 10:00:00","27/2/2026 16:00:00","ASUNTOS PERSONALES ","permisos/doc03217620260226092151.pdf",,"164","1","3","163","26/2/2026 15:33:14","3","163","26/2/2026 15:33:14","26/2/2026 15:33:14","26/2/2026 15:33:14"
"374","2/3/2026","3/3/2026 07:00:00","3/3/2026 16:00:00","ASUNTOS PERSONALES ","permisos/doc03223520260302100456.pdf",,"170","1","3","151","2/3/2026 19:15:04","3","151","2/3/2026 19:15:04","2/3/2026 19:15:04","2/3/2026 19:15:04"
"375","2/3/2026","8/3/2026 07:30:00","8/3/2026 18:00:00","ASUNTOS PERSONALES ","permisos/doc03224020260302100642.pdf",,"45","1","3","17","2/3/2026 19:42:32","3","162","2/3/2026 19:42:32","2/3/2026 19:42:32","2/3/2026 19:42:32"
"376","2/3/2026","1/3/2026 18:00:00","2/3/2026 07:30:00","ASUNTOS PERSONALES ",,,"46","1","3","17","2/3/2026 19:53:46","3","162","2/3/2026 19:53:46","2/3/2026 19:53:46","2/3/2026 19:53:46"
"377","2/3/2026","26/2/2026 14:00:00","26/2/2026 17:00:00","ASUNTOS PERSONALES ","permisos/doc03223620260302100515.pdf",,"163","1","3","151","2/3/2026 20:26:38","3","151","2/3/2026 20:26:38","2/3/2026 20:26:38","2/3/2026 20:26:38"
"378","2/3/2026","25/2/2026 07:45:00","25/2/2026 09:40:00","CITA","permisos/doc03223720260302100538.pdf",,"6","7","3","151","2/3/2026 20:28:20","3","151","2/3/2026 20:28:20","2/3/2026 20:28:20","2/3/2026 20:28:20"
"379","2/3/2026","27/2/2026 14:00:00","27/2/2026 15:30:00","ASUNTOS PERSONALES ","permisos/doc03223820260302100559.pdf",,"4","1","3","1","2/3/2026 20:29:47","3","1","2/3/2026 20:29:47","2/3/2026 20:29:47","2/3/2026 20:29:47"
"380","2/3/2026","1/2/2026 07:30:00","1/2/2026 18:30:00","ASUNTOS PERSONALES ","permisos/doc03223920260302100621.pdf",,"138","1","3","151","2/3/2026 20:31:16","3","151","2/3/2026 20:31:16","2/3/2026 20:31:16","2/3/2026 20:31:16"
"381","2/3/2026","5/3/2026 20:00:00","5/3/2026 21:00:00","ASUETO 24 DE DICIEMBRE FRACCIONADO ","permisos/doc03224120260302100705.pdf","SE RESTAN 4 HRS 30 MINUTOS ","41","2","3","26","2/3/2026 20:33:17","3","162","2/3/2026 20:33:17","2/3/2026 20:33:17","2/3/2026 20:33:17"
"382","2/3/2026","6/3/2026 07:30:00","15/3/2026 00:00:00","VACACIONES DE DICIEMBRE","permisos/doc03224220260302100726.pdf",,"70","2","3","27","2/3/2026 20:34:57","3","162","2/3/2026 20:34:57","2/3/2026 20:34:57","2/3/2026 20:34:57"
"383","2/3/2026","16/3/2026 00:00:00","16/3/2026 07:30:00","ASUNTOS PERSONALES ","permisos/doc03224320260302100748.pdf",,"70","1","3","27","2/3/2026 20:36:32","3","162","2/3/2026 20:36:32","2/3/2026 20:36:32","2/3/2026 20:36:32"
"384","2/3/2026","24/2/2026 18:00:00","24/2/2026 21:00:00","ASUNTOS PERSONALES ","permisos/doc03224620260302100904.pdf",,"57","1","3","26","2/3/2026 20:39:05","3","162","2/3/2026 20:39:05","2/3/2026 20:39:05","2/3/2026 20:39:05"
"385","2/3/2026","27/2/2026 07:30:00","27/2/2026 14:10:00","CITA","permisos/doc03224720260302100925.pdf",,"34","7","3","26","2/3/2026 20:40:47","3","162","2/3/2026 20:40:47","2/3/2026 20:40:47","2/3/2026 20:40:47"
"386","2/3/2026","1/2/2026 00:00:00","5/2/2026 00:00:00","MATRIMONIO","permisos/doc03224820260302100948.pdf",,"89","17","3","17","2/3/2026 20:42:12","3","162","2/3/2026 20:42:12","2/3/2026 20:42:12","2/3/2026 20:42:12"
"387","2/3/2026","27/2/2026 17:00:00","27/2/2026 18:00:00","ASUNTOS PERSONALES ","permisos/doc03224920260302101011.pdf",,"53","1","3","17","2/3/2026 20:43:41","3","162","2/3/2026 20:43:41","2/3/2026 20:43:41","2/3/2026 20:43:41"
"388","2/3/2026","27/2/2026 14:30:00","27/2/2026 16:00:00","ASUNTOS PERSONALES ","permisos/doc03225020260302101037.pdf",,"108","1","3","17","2/3/2026 20:45:07","3","162","2/3/2026 20:45:07","2/3/2026 20:45:07","2/3/2026 20:45:07"
"389","2/3/2026","26/2/2026 06:30:00","26/2/2026 07:30:00","CITA","permisos/doc03225120260302101158.pdf",,"46","7","3","17","2/3/2026 20:47:21","3","17","2/3/2026 20:47:21","2/3/2026 20:47:21","2/3/2026 20:47:21"
"390","2/3/2026","15/3/2026 07:30:00","15/3/2026 13:30:00","CUMPLEAÑOS","permisos/doc03225620260302105605.pdf",,"58","3","3","17","2/3/2026 20:49:07","3","162","2/3/2026 20:49:07","2/3/2026 20:49:07","2/3/2026 20:49:07"
"391","2/3/2026","15/3/2026 13:30:00","15/3/2026 18:00:00","ASUNTOS PERSONALES ","permisos/doc03225720260302105626.pdf",,"58","1","3","17","2/3/2026 20:50:24","3","162","2/3/2026 20:50:24","2/3/2026 20:50:24","2/3/2026 20:50:24"
"392","2/3/2026","2/3/2026 00:30:00","2/3/2026 07:30:00","ASUETO 25 DICIEMBRE ","permisos/doc03225820260302105646.pdf",,"22","2","3","17","2/3/2026 20:51:52","3","162","2/3/2026 20:51:52","2/3/2026 20:51:52","2/3/2026 20:51:52"
"393","2/3/2026","1/3/2026 07:30:00","2/3/2026 00:30:00","ASUETO 2 DE NOVIEMBRE 2025","permisos/doc03225920260302105705.pdf",,"22","2","3","17","2/3/2026 20:53:26","3","162","2/3/2026 20:53:26","2/3/2026 20:53:26","2/3/2026 20:53:26"
"394","2/3/2026","27/2/2026 14:30:00","28/2/2026 07:30:00","ASUETO 15 DE SEPTIEMBRE /25","permisos/doc03226020260302105729.pdf",,"29","2","3","17","2/3/2026 20:55:16","3","162","2/3/2026 20:55:16","2/3/2026 20:55:16","2/3/2026 20:55:16"
"395","2/3/2026","26/2/2026 05:30:00","26/2/2026 07:30:00","ASUNTOS PERSONALES ","permisos/doc03226120260302105747.pdf",,"18","1","3","17","2/3/2026 20:56:55","3","162","2/3/2026 20:56:55","2/3/2026 20:56:55","2/3/2026 20:56:55"
"396","4/3/2026","26/2/2026 18:00:00","27/3/2026 07:30:00","ASUNTOS PERSONALES ","permisos/doc03228320260303144745.pdf",,"95","1","3","26","4/3/2026 14:48:52","3","162","4/3/2026 14:48:52","4/3/2026 14:48:52","4/3/2026 14:48:52"
"397","4/3/2026","26/2/2026 07:30:00","27/3/2026 07:30:00","ASUNTOS PERSONALES ","permisos/doc03230320260304081636.pdf",,"148","1","3","116","4/3/2026 14:51:24","3","151","4/3/2026 14:51:24","4/3/2026 14:51:24","4/3/2026 14:51:24"
"398","4/3/2026","7/2/2026 07:00:00","15/3/2026 18:00:00","VACACIONES DE DICIEMBRE","permisos/doc03228420260303144804.pdf",,"69","2","3","17","4/3/2026 15:39:38","3","162","4/3/2026 15:39:38","4/3/2026 15:39:38","4/3/2026 15:39:38"
"399","4/3/2026","7/2/2026 07:00:00","15/3/2026 18:00:00","VACACIONES DE DICIEMBRE","permisos/doc03228520260303144825.pdf",,"63","2","3","17","4/3/2026 15:41:10","3","162","4/3/2026 15:41:10","4/3/2026 15:41:10","4/3/2026 15:41:10"
"400","4/3/2026","11/2/2026 18:00:00","12/3/2026 04:30:00","ASUETO 2 DE NOVIEMBRE 2025","permisos/doc03228620260303144846.pdf",,"79","2","3","17","4/3/2026 15:42:48","3","162","4/3/2026 15:42:48","4/3/2026 15:42:48","4/3/2026 15:42:48"
"401","4/3/2026","12/2/2026 04:30:00","12/3/2026 07:30:00","ASUNTOS PERSONALES ","permisos/doc03228720260303144913.pdf",,"79","1","3","17","4/3/2026 15:44:17","3","17","4/3/2026 15:44:17","4/3/2026 15:44:17","4/3/2026 15:44:17"
"402","4/3/2026","18/2/2026 18:00:00","18/2/2026 20:45:00","ASUNTOS PERSONALES ","permisos/doc03228820260303144943.pdf",,"97","1","3","26","4/3/2026 15:45:41","3","162","4/3/2026 15:45:41","4/3/2026 15:45:41","4/3/2026 15:45:41"
"403","4/3/2026","7/2/2026 07:30:00","15/2/2026 18:00:00","VACACIONES DE DICIEMBRE","permisos/doc03228920260303145006.pdf",,"68","2","3","17","4/3/2026 15:47:18","3","162","4/3/2026 15:47:18","4/3/2026 15:47:18","4/3/2026 15:47:18"
"404","4/3/2026","18/2/2026 18:00:00","18/2/2026 20:30:00","ASUNTOS PERSONALES ","permisos/doc03229020260303145027.pdf",,"87","1","3","162","4/3/2026 15:49:00","3","162","4/3/2026 15:49:00","4/3/2026 15:49:00","4/3/2026 15:49:00"
"405","4/3/2026","18/2/2026 18:00:00","18/2/2026 20:30:00","ASUNTOS PERSONALES ","permisos/doc03229120260303145048.pdf",,"90","1","3","162","4/3/2026 15:50:46","3","162","4/3/2026 15:50:46","4/3/2026 15:50:46","4/3/2026 15:50:46"
"406","4/3/2026","18/2/2026 18:00:00","18/2/2026 20:30:00","ASUNTOS PERSONALES ","permisos/doc03229220260303145109.pdf",,"96","1","3","162","4/3/2026 15:52:20","3","162","4/3/2026 15:52:20","4/3/2026 15:52:20","4/3/2026 15:52:20"
"407","4/3/2026","28/2/2026 05:30:00","28/2/2026 07:30:00","ASUNTOS PERSONALES ","permisos/doc03229320260303145206.pdf",,"85","1","3","17","4/3/2026 15:55:25","3","162","4/3/2026 15:55:25","4/3/2026 15:55:25","4/3/2026 15:55:25"
"408","4/3/2026","1/3/2026 18:00:00","1/3/2026 21:00:00","ASUNTOS PERSONALES ","permisos/doc03229420260303145225.pdf",,"35","1","3","17","4/3/2026 15:57:29","3","162","4/3/2026 15:57:29","4/3/2026 15:57:29","4/3/2026 15:57:29"
"409","4/3/2026","18/2/2026 18:00:00","18/2/2026 20:30:00","ASUNTOS PERSONALES ","permisos/doc03229520260303145246.pdf",,"100","1","3","162","4/3/2026 15:59:24","3","162","4/3/2026 15:59:24","4/3/2026 15:59:24","4/3/2026 15:59:24"
"410","4/3/2026","28/2/2026 07:30:00","28/2/2026 16:05:00","ASUNTOS PERSONALES ","permisos/doc03230120260304081553.pdf",,"123","1","3","151","4/3/2026 16:02:01","3","151","4/3/2026 16:02:01","4/3/2026 16:02:01","4/3/2026 16:02:01"
"411","4/3/2026","5/3/2026 17:00:00","5/3/2026 23:59:00","ASUETO 1 DE ENERO ","permisos/doc03230220260304081616.pdf",,"147","2","3","151","4/3/2026 16:04:33","3","151","4/3/2026 16:04:33","4/3/2026 16:04:33","4/3/2026 16:04:33"
"412","4/3/2026","6/3/2026 00:00:00","6/3/2026 07:30:00","CUMPLEAÑOS","permisos/doc03230420260304081701.pdf",,"147","2","3","116","4/3/2026 16:06:33","3","151","4/3/2026 16:06:33","4/3/2026 16:06:33","4/3/2026 16:06:33"
